candidate_id,axis_id,alpha_hash,symbol,timeframe,intended_side_mode,status,reject_reason,blocker_reason,gross_bps,cost_bps,net_bps,trade_count,long_trade_count,short_trade_count,a1_pass,a2_pass
eb6bf7ac2edc90e0d86ba4201a1e3d9581cc2d92a34c4777684564c966f6b4b1,H,0971ee43d32308bb4611b1d4c0751699fade229785fce8a853c2055831a7e1d4,BTCUSDT,15m,LONG,REJECTED,no_trades_generated,,0.0,0.0,0.0,0,0,0,False,False
60185f0e83073274609bc9b37581174543a4eb9463ad960a458328271d8fad9f,H,0971ee43d32308bb4611b1d4c0751699fade229785fce8a853c2055831a7e1d4,BTCUSDT,15m,SHORT,REJECTED,no_trades_generated,,0.0,0.0,0.0,0,0,0,False,False
999dc702a2f60aa197077312a4fd355183842070c69a8c6ed30dbe2820f7fca3,H,0971ee43d32308bb4611b1d4c0751699fade229785fce8a853c2055831a7e1d4,ETHUSDT,15m,LONG,REJECTED,no_trades_generated,,0.0,0.0,0.0,0,0,0,False,False
30094c206b5132d9189c5a300f0d9a6196dabe6ecb5a1e4685fbd4adc1a5cf32,H,0971ee43d32308bb4611b1d4c0751699fade229785fce8a853c2055831a7e1d4,ETHUSDT,15m,SHORT,REJECTED,no_trades_generated,,0.0,0.0,0.0,0,0,0,False,False
bee5f72c01e1ffb62cfe08970d014c5dbccd3771a3e8cdc2dfd275deac429221,H,0971ee43d32308bb4611b1d4c0751699fade229785fce8a853c2055831a7e1d4,SOLUSDT,15m,LONG,REJECTED,no_trades_generated,,0.0,0.0,0.0,0,0,0,False,False
e755a63b5c26ec3bbdf179b8bf65191d544c942ced4a7f965fb404f5df82bf80,H,0971ee43d32308bb4611b1d4c0751699fade229785fce8a853c2055831a7e1d4,SOLUSDT,15m,SHORT,REJECTED,no_trades_generated,,0.0,0.0,0.0,0,0,0,False,False
b7b149aec2d96b17ba37da1771452f77bbf84391ba5767059ecae9ac9345ae5e,H,0e69751fe094e6b09d21a68287db8b7e38c2bf8290282b76d2fd9c51dcf987c9,BTCUSDT,15m,LONG,REJECTED,no_trades_generated,,0.0,0.0,0.0,0,0,0,False,False
e4387bd5f82eaf2adca6806d18078104ece2d3b8c849b07551daf18731a47805,H,0e69751fe094e6b09d21a68287db8b7e38c2bf8290282b76d2fd9c51dcf987c9,BTCUSDT,15m,SHORT,REJECTED,no_trades_generated,,0.0,0.0,0.0,0,0,0,False,False
2937c72a8d0a0af2dd481b9d2a28e316584ce874d6e4382546765fe1ef7e5ab9,H,0e69751fe094e6b09d21a68287db8b7e38c2bf8290282b76d2fd9c51dcf987c9,ETHUSDT,15m,LONG,REJECTED,no_trades_generated,,0.0,0.0,0.0,0,0,0,False,False
af26bc55faa55477aa4dfafe6841604ab19f1ee984ead50672fde6cd7e6b8755,H,0e69751fe094e6b09d21a68287db8b7e38c2bf8290282b76d2fd9c51dcf987c9,ETHUSDT,15m,SHORT,REJECTED,no_trades_generated,,0.0,0.0,0.0,0,0,0,False,False
ef67e50c7b5618da4f16012992f6c31ebc0ff01d3fc27a6669e39dad47018bec,H,0e69751fe094e6b09d21a68287db8b7e38c2bf8290282b76d2fd9c51dcf987c9,SOLUSDT,15m,LONG,REJECTED,no_trades_generated,,0.0,0.0,0.0,0,0,0,False,False
9e15d1156e9427e6ba072bb4b44d416daa312d0e750737ebbc7e53d908c792d6,H,0e69751fe094e6b09d21a68287db8b7e38c2bf8290282b76d2fd9c51dcf987c9,SOLUSDT,15m,SHORT,REJECTED,no_trades_generated,,0.0,0.0,0.0,0,0,0,False,False
ba42aecac666b24b59f1c8f266d4a4f2340a23c6115d802764953d2e62f00267,H,1abef2fc3499c6b111acbbc935d2947251f23a21bc51410750e0e0f5ec357a9a,BTCUSDT,15m,LONG,REJECTED,no_trades_generated,,0.0,0.0,0.0,0,0,0,False,False
9365be96d8f1b4c95072918ab422d2b64f40fb8191bd18ffd8bc0d2c1f8795f9,H,1abef2fc3499c6b111acbbc935d2947251f23a21bc51410750e0e0f5ec357a9a,BTCUSDT,15m,SHORT,REJECTED,no_trades_generated,,0.0,0.0,0.0,0,0,0,False,False
ced5ca927da6e2acf2af2f2998dd468d3ed3883e3fbf84297a97574577a4ab0b,H,1abef2fc3499c6b111acbbc935d2947251f23a21bc51410750e0e0f5ec357a9a,ETHUSDT,15m,LONG,REJECTED,no_trades_generated,,0.0,0.0,0.0,0,0,0,False,False
ecd178bdbf07b2e7afb620f29155008821c609a150d3d1f9badfa031a805b160,H,1abef2fc3499c6b111acbbc935d2947251f23a21bc51410750e0e0f5ec357a9a,ETHUSDT,15m,SHORT,REJECTED,no_trades_generated,,0.0,0.0,0.0,0,0,0,False,False
9306118acc7fea57c60c6b3772cc9dd68d28eb50827cddae348f1470a8c495b1,H,1abef2fc3499c6b111acbbc935d2947251f23a21bc51410750e0e0f5ec357a9a,SOLUSDT,15m,LONG,REJECTED,no_trades_generated,,0.0,0.0,0.0,0,0,0,False,False
2094ad6f0ec44fef320f02cf369607fef9798de5de0b0518d02785f63ef83f2c,H,1abef2fc3499c6b111acbbc935d2947251f23a21bc51410750e0e0f5ec357a9a,SOLUSDT,15m,SHORT,REJECTED,no_trades_generated,,0.0,0.0,0.0,0,0,0,False,False
258e15bb9f316423cabf4ee13612f0ff561ad3161ecf761dbfe64cbb6e3211ce,H,4f182909fdbcc13d0e5182ea396bb4da47469eb9c911eda08bd6c315c532987e,BTCUSDT,15m,SHORT,REJECTED,no_trades_generated,,0.0,0.0,0.0,0,0,0,False,False
5ce950faa245e955007a90eb3282f8b7214e02036bfb343b7c1cbc21a4f403c5,H,4f182909fdbcc13d0e5182ea396bb4da47469eb9c911eda08bd6c315c532987e,ETHUSDT,15m,SHORT,REJECTED,no_trades_generated,,0.0,0.0,0.0,0,0,0,False,False
b9ade01e68e32a2a2d5394a9930d5d67e53acfb948032e9bc0fc1424c3a18663,H,4f182909fdbcc13d0e5182ea396bb4da47469eb9c911eda08bd6c315c532987e,SOLUSDT,15m,SHORT,REJECTED,no_trades_generated,,0.0,0.0,0.0,0,0,0,False,False
cedcf2b31b621c664a7ead530ececdf21fa643ef2ae9ce8c66bbf18d17f9b729,H,060b78e111e6062931e14e217610a2ece7ee1968daa93dcde33ccc78e7ac2d96,BTCUSDT,15m,LONG,REJECTED,no_trades_generated,,0.0,0.0,0.0,0,0,0,False,False
bf2f4f313f7c91c3c41a3f0c1c9355e87971dc0a8cd2b309ee9092d063b8a69a,H,060b78e111e6062931e14e217610a2ece7ee1968daa93dcde33ccc78e7ac2d96,BTCUSDT,15m,SHORT,REJECTED,no_trades_generated,,0.0,0.0,0.0,0,0,0,False,False
077589a15b71a9a992eed201044d55160c0bd0758a1f69e1a528ca5238bacfdd,H,060b78e111e6062931e14e217610a2ece7ee1968daa93dcde33ccc78e7ac2d96,ETHUSDT,15m,LONG,REJECTED,no_trades_generated,,0.0,0.0,0.0,0,0,0,False,False
95ad1185a8dd496e1ebe99dfc290af1db61d55e879140b4cdad25fdc2a20aa7f,H,060b78e111e6062931e14e217610a2ece7ee1968daa93dcde33ccc78e7ac2d96,ETHUSDT,15m,SHORT,REJECTED,no_trades_generated,,0.0,0.0,0.0,0,0,0,False,False
aa22435baa60a0e63ce6697b0de5c0c7d3696ffc382027ebe93c61d9e57e34ef,H,060b78e111e6062931e14e217610a2ece7ee1968daa93dcde33ccc78e7ac2d96,SOLUSDT,15m,LONG,REJECTED,no_trades_generated,,0.0,0.0,0.0,0,0,0,False,False
1fc42e7561a4ecd5ec74766b03da0698bfd36f983e086e28ccb325eb9e7376c6,H,060b78e111e6062931e14e217610a2ece7ee1968daa93dcde33ccc78e7ac2d96,SOLUSDT,15m,SHORT,REJECTED,no_trades_generated,,0.0,0.0,0.0,0,0,0,False,False
cb28f27d7169208bc25e8e991b4a1d8c4f430711848473296e021da945a8ca09,H,a31426f9af9d19df30a238130bd064009202c3966360421638072c3714529a8a,BTCUSDT,15m,LONG,REJECTED,no_trades_generated,,0.0,0.0,0.0,0,0,0,False,False
c2d9c5c9111e7aaf4662e8e6137fe8e72c32aa21f76d4f9ef16c76ec40b53299,H,a31426f9af9d19df30a238130bd064009202c3966360421638072c3714529a8a,BTCUSDT,15m,SHORT,REJECTED,no_trades_generated,,0.0,0.0,0.0,0,0,0,False,False
194aa825d85abd1999dc56067f08f59b9ff1d104fcb66202bbf7d235cbeed754,H,a31426f9af9d19df30a238130bd064009202c3966360421638072c3714529a8a,ETHUSDT,15m,LONG,REJECTED,no_trades_generated,,0.0,0.0,0.0,0,0,0,False,False
5e80edb44ffe89cddff1fa9925b6daf07fc06138a2acd3eb8266bf1dbfe8a27d,H,a31426f9af9d19df30a238130bd064009202c3966360421638072c3714529a8a,ETHUSDT,15m,SHORT,REJECTED,no_trades_generated,,0.0,0.0,0.0,0,0,0,False,False
cbfdf2a537218b5a58a2f70d012c4f3c889372eef5c1fafe96956db2ee7a9ad3,H,a31426f9af9d19df30a238130bd064009202c3966360421638072c3714529a8a,SOLUSDT,15m,LONG,REJECTED,no_trades_generated,,0.0,0.0,0.0,0,0,0,False,False
d190f4b5977463c61c1a6f1d07d122da1ee95bdf0b84ca4730e6be79af777247,H,a31426f9af9d19df30a238130bd064009202c3966360421638072c3714529a8a,SOLUSDT,15m,SHORT,REJECTED,no_trades_generated,,0.0,0.0,0.0,0,0,0,False,False
046bc3b6c139e3dec3d7951633a9efd29802ff77de1189d29fd9d8f6f7692952,H,b996ff83980fb579f5a1113b60dcde0dcc9b632053fe760bc8685a234b9537f2,BTCUSDT,15m,LONG,REJECTED,no_trades_generated,,0.0,0.0,0.0,0,0,0,False,False
04d69b6eeca1327b9d545f9e06d63823e35e55fd7ebe49f48ead8f545f821b34,H,b996ff83980fb579f5a1113b60dcde0dcc9b632053fe760bc8685a234b9537f2,BTCUSDT,15m,SHORT,REJECTED,no_trades_generated,,0.0,0.0,0.0,0,0,0,False,False
187c4fa39769a9c6eb76640f0da3b52f16814837434fc4573978ce911e47af13,H,720e8193ef837ea8f8e3f1fef9ae9da8dc9a221e5d0dc3ea93a91e56e50b22fd,BTCUSDT,15m,LONG,REJECTED,no_trades_generated,,0.0,0.0,0.0,0,0,0,False,False
99fd3ef20a285f20b98a26a36315ee18605f84c786e9814014f90373403f0977,H,720e8193ef837ea8f8e3f1fef9ae9da8dc9a221e5d0dc3ea93a91e56e50b22fd,BTCUSDT,15m,SHORT,REJECTED,no_trades_generated,,0.0,0.0,0.0,0,0,0,False,False
2c87d92959d8131096ac46c582ddbff21a2585516247707dc0d11357c63cd318,H,720e8193ef837ea8f8e3f1fef9ae9da8dc9a221e5d0dc3ea93a91e56e50b22fd,ETHUSDT,15m,LONG,REJECTED,no_trades_generated,,0.0,0.0,0.0,0,0,0,False,False
e028213812935c8358dd22edabcfbf19146a027b7de2cab9799710a01a52820b,H,720e8193ef837ea8f8e3f1fef9ae9da8dc9a221e5d0dc3ea93a91e56e50b22fd,ETHUSDT,15m,SHORT,REJECTED,no_trades_generated,,0.0,0.0,0.0,0,0,0,False,False
30851198f25e40a9d96e7bcb794f70b6d63224a825f9ae5e61c68f99df5156bb,H,720e8193ef837ea8f8e3f1fef9ae9da8dc9a221e5d0dc3ea93a91e56e50b22fd,SOLUSDT,15m,LONG,REJECTED,no_trades_generated,,0.0,0.0,0.0,0,0,0,False,False
855c9df38ada43597c15c6d9cfec2362a5206e0a8cfd85f197a9814c7242ef5b,H,720e8193ef837ea8f8e3f1fef9ae9da8dc9a221e5d0dc3ea93a91e56e50b22fd,SOLUSDT,15m,SHORT,REJECTED,no_trades_generated,,0.0,0.0,0.0,0,0,0,False,False
4559bbc1740ccb8b399f487a08412a6c6417ae088b8e179cd83cd08f341382d2,H,5e8edba4effb89073fda5596bf1a467ff4ea2fec359d610199e257e41d46f71d,BTCUSDT,15m,LONG,REJECTED,no_trades_generated,,0.0,0.0,0.0,0,0,0,False,False
7fca16f895dcd87fcd6cf1d26881054945087736b5306ce68a1dcab660399dd9,H,5e8edba4effb89073fda5596bf1a467ff4ea2fec359d610199e257e41d46f71d,ETHUSDT,15m,LONG,REJECTED,no_trades_generated,,0.0,0.0,0.0,0,0,0,False,False
8b51400a4abf7720f6598537cb690048caef60fc259a89cfcfdb89e7d70646c3,H,5e8edba4effb89073fda5596bf1a467ff4ea2fec359d610199e257e41d46f71d,SOLUSDT,15m,LONG,REJECTED,no_trades_generated,,0.0,0.0,0.0,0,0,0,False,False
b3a17de73b9e79ac3e7ac06fa2912781e87e920540c9ffc36d0f69d289288bcb,H,16db4f15f87e3c03c248af81f41d87bedf6f8acf6038940af22282b0fe5f6098,BTCUSDT,15m,LONG,REJECTED,no_trades_generated,,0.0,0.0,0.0,0,0,0,False,False
5d60b145c71955409594b5d28f8c251aa4fb2c7b5f2c0c730566b7d360034da5,H,16db4f15f87e3c03c248af81f41d87bedf6f8acf6038940af22282b0fe5f6098,BTCUSDT,15m,SHORT,REJECTED,no_trades_generated,,0.0,0.0,0.0,0,0,0,False,False
f445cc629f5077f88d3807e4a7ea1d7727c33cc300fd938d5031ba7398e2df7b,H,16db4f15f87e3c03c248af81f41d87bedf6f8acf6038940af22282b0fe5f6098,ETHUSDT,15m,LONG,REJECTED,no_trades_generated,,0.0,0.0,0.0,0,0,0,False,False
f6239815a16494b41c4b9ab4ee4a22651d8b519436aa7a142bdd8da8b0bab314,H,16db4f15f87e3c03c248af81f41d87bedf6f8acf6038940af22282b0fe5f6098,ETHUSDT,15m,SHORT,REJECTED,no_trades_generated,,0.0,0.0,0.0,0,0,0,False,False
1e5b3adfdf7129a6ea3e16f410a90f667c779d39a8acb765fbde64a7759fcf3b,H,16db4f15f87e3c03c248af81f41d87bedf6f8acf6038940af22282b0fe5f6098,SOLUSDT,15m,LONG,REJECTED,no_trades_generated,,0.0,0.0,0.0,0,0,0,False,False
38f112931d3ec709f09b82ccdf04fb8868f75702d72a23988ad2e13677c990e3,H,16db4f15f87e3c03c248af81f41d87bedf6f8acf6038940af22282b0fe5f6098,SOLUSDT,15m,SHORT,REJECTED,no_trades_generated,,0.0,0.0,0.0,0,0,0,False,False
c9308b563459dc5b62d235c87515f0aa80e496ee939b15ab4230562b52273eca,H,49d1acaccae128f879e29d4ef0c6c52f5b770b5394621e51343d563158173ca0,BTCUSDT,15m,LONG,REJECTED,no_trades_generated,,0.0,0.0,0.0,0,0,0,False,False
85c237db7239c5633e1227fcb9dbe9b8632156b506e9ce9853fa5f4f87749f29,H,49d1acaccae128f879e29d4ef0c6c52f5b770b5394621e51343d563158173ca0,ETHUSDT,15m,LONG,REJECTED,no_trades_generated,,0.0,0.0,0.0,0,0,0,False,False
838700b4a95e97cf849a3b21c85c9cf430a3f1b671726ce3d22b123cfb2da5e3,H,49d1acaccae128f879e29d4ef0c6c52f5b770b5394621e51343d563158173ca0,SOLUSDT,15m,LONG,REJECTED,no_trades_generated,,0.0,0.0,0.0,0,0,0,False,False
38eb530a0e7d3ebc0b9df01980f0812a07cc0af66ba0e7aa6699476efe854133,H,dde7cf3d2af7a3b984637b913f20f7fec001e304275402ea769c9ec04dbb6eb6,BTCUSDT,15m,LONG,REJECTED,no_trades_generated,,0.0,0.0,0.0,0,0,0,False,False
904d6e6f9668079bddbc7d4b17a2dfdb7b909e8295fc5af935b52acd7f663979,H,ae1c8e7d62e485a17217ef428a96194d2ca63137297f6f7cd09cbf95e38fa822,SOLUSDT,15m,SHORT,REJECTED,too_few_trades,,10.2878066300474,14.5,-4.212193369952599,15,0,15,True,False
8466c84a164148a1b55d6831c3756aa52aa869b00a4676ee614ba01db60d65fd,H,b107c1063cb2037bb6a531466c85a71c93dc09fa13aa57711566121db26bac86,BTCUSDT,15m,LONG,REJECTED,no_trades_generated,,0.0,0.0,0.0,0,0,0,False,False
9c169a72969ec6091ea9646ccce2b9da7a8133bf314892570ac4fd6f9b8d4067,H,b107c1063cb2037bb6a531466c85a71c93dc09fa13aa57711566121db26bac86,BTCUSDT,15m,SHORT,REJECTED,too_few_trades,,12.667172360880878,14.5,-1.832827639119122,1,0,1,False,False
752454b3e6ff28df8fd3a178075f2397015b2e960b711a574bc209be4256ea5d,H,b107c1063cb2037bb6a531466c85a71c93dc09fa13aa57711566121db26bac86,ETHUSDT,15m,LONG,REJECTED,no_trades_generated,,0.0,0.0,0.0,0,0,0,False,False
4c8ce24560a55403f12d7f281920ad9c46ba8a1596fd377904e43b2bd5317174,H,b107c1063cb2037bb6a531466c85a71c93dc09fa13aa57711566121db26bac86,ETHUSDT,15m,SHORT,REJECTED,no_trades_generated,,0.0,0.0,0.0,0,0,0,False,False
531490f8c89f274865a8585ab8507bb62a9fead13ba6e5a12486f95aeb497bd8,H,b107c1063cb2037bb6a531466c85a71c93dc09fa13aa57711566121db26bac86,SOLUSDT,15m,LONG,REJECTED,no_trades_generated,,0.0,0.0,0.0,0,0,0,False,False
9390f5cdc38a70906c03a77599c1d166c84790795c4acaf921a57aa855968c58,H,b107c1063cb2037bb6a531466c85a71c93dc09fa13aa57711566121db26bac86,SOLUSDT,15m,SHORT,REJECTED,no_trades_generated,,0.0,0.0,0.0,0,0,0,False,False
cb87cdabc4211d6656c60e3bd94f217f629e8262c8f0d62bbfe9558829d86be6,H,a1248d767bdbff01b54f2dd5bb9647ed80b18f5511ce0632be60063ce6b90a92,BTCUSDT,15m,LONG,REJECTED,non_positive_net,,13.635766511676279,14.5,-0.8642334883237215,1635,1636,0,True,False
7058b7df00ecb599dc13435cd1ab34e336cb042685c3b2ad68a54cbe8e687582,H,4bd518ed1dcd0bf39de77012bcc050ceee015c233ba5e53e10a367f48301f5f1,BTCUSDT,15m,LONG,REJECTED,no_trades_generated,,0.0,0.0,0.0,0,0,0,False,False
143125639d3352d69a599e1c17eb2ade72022d3603793ee153523e6f3153664f,H,4bd518ed1dcd0bf39de77012bcc050ceee015c233ba5e53e10a367f48301f5f1,BTCUSDT,15m,SHORT,REJECTED,no_trades_generated,,0.0,0.0,0.0,0,0,0,False,False
35e0e8ab43046c2b609ef16eb4bca745f0e607a7d018ca8218fd878346616c0e,H,4bd518ed1dcd0bf39de77012bcc050ceee015c233ba5e53e10a367f48301f5f1,ETHUSDT,15m,LONG,REJECTED,no_trades_generated,,0.0,0.0,0.0,0,0,0,False,False
1eec8c3b25bd40d80a7b220191287aaaf764e5394bdbdb325693263ef57c39eb,H,4bd518ed1dcd0bf39de77012bcc050ceee015c233ba5e53e10a367f48301f5f1,ETHUSDT,15m,SHORT,REJECTED,no_trades_generated,,0.0,0.0,0.0,0,0,0,False,False
120ed9f7f52c63b9530a83bbd7e11843d4ab6184e2d88880c395e17be839627c,H,4bd518ed1dcd0bf39de77012bcc050ceee015c233ba5e53e10a367f48301f5f1,SOLUSDT,15m,LONG,REJECTED,no_trades_generated,,0.0,0.0,0.0,0,0,0,False,False
0488debb47cb851e783f877bcf49c6667cf86e7fe24698e5406ef90043ea8bc2,H,4bd518ed1dcd0bf39de77012bcc050ceee015c233ba5e53e10a367f48301f5f1,SOLUSDT,15m,SHORT,REJECTED,no_trades_generated,,0.0,0.0,0.0,0,0,0,False,False
a2e1e3d3c161ef3eed2b4eb187e05947fdb2a3ed6a0213178c819cd3062f6f71,H,721b6d9689662c4cf2f9a3fb423fe5df66bf442a4d13db587f1a811f7dc13f3d,BTCUSDT,15m,LONG,REJECTED,no_trades_generated,,0.0,0.0,0.0,0,0,0,False,False
b453827d7e20de17dcfe30790097bae346e526a88f3f44def8ff04f662137c6d,H,721b6d9689662c4cf2f9a3fb423fe5df66bf442a4d13db587f1a811f7dc13f3d,BTCUSDT,15m,SHORT,REJECTED,no_trades_generated,,0.0,0.0,0.0,0,0,0,False,False
ce14a03c5d3e0cd9794f4f055bf3c833787a8a7c2af73d70d6705e543be723e3,H,721b6d9689662c4cf2f9a3fb423fe5df66bf442a4d13db587f1a811f7dc13f3d,ETHUSDT,15m,LONG,REJECTED,no_trades_generated,,0.0,0.0,0.0,0,0,0,False,False
57b98f96b4042dded85634b5907f74a4500eda8bbf3adde3e23118b0722f484c,H,721b6d9689662c4cf2f9a3fb423fe5df66bf442a4d13db587f1a811f7dc13f3d,ETHUSDT,15m,SHORT,REJECTED,no_trades_generated,,0.0,0.0,0.0,0,0,0,False,False
446c0deebbc519654317b65183f7caa374b47abd6272f61457c4711b49ad1525,H,721b6d9689662c4cf2f9a3fb423fe5df66bf442a4d13db587f1a811f7dc13f3d,SOLUSDT,15m,LONG,REJECTED,no_trades_generated,,0.0,0.0,0.0,0,0,0,False,False
544bcedb572fb60dd414edab9da2469d7078acc4f380606bd84d192285f174ec,H,721b6d9689662c4cf2f9a3fb423fe5df66bf442a4d13db587f1a811f7dc13f3d,SOLUSDT,15m,SHORT,REJECTED,no_trades_generated,,0.0,0.0,0.0,0,0,0,False,False
14434dd7b4f8e9ab2d6cd45f7aa1b0e1b005ea95a3b823dbe65043ef6568fefb,H,dc1167e911e3a17f65d7c4b266e3e56dc9210b9b9ad014e8219ee5dd1df84e6b,BTCUSDT,15m,LONG,REJECTED,no_trades_generated,,0.0,0.0,0.0,0,0,0,False,False
6501c571a843865d0bb5f85fe9cc7025eca1ec60491444ca5a2f53837453d432,H,dc1167e911e3a17f65d7c4b266e3e56dc9210b9b9ad014e8219ee5dd1df84e6b,BTCUSDT,15m,SHORT,REJECTED,no_trades_generated,,0.0,0.0,0.0,0,0,0,False,False
8b068567c2a1ee12a8663a82069c6c64f8f0fc64091882a429906465fc273a44,H,dc1167e911e3a17f65d7c4b266e3e56dc9210b9b9ad014e8219ee5dd1df84e6b,ETHUSDT,15m,LONG,REJECTED,no_trades_generated,,0.0,0.0,0.0,0,0,0,False,False
82e14f3c8ee69dfc0e6a44d6a52679d3ccc75c1b817b511fc534fd7c60e41d99,H,dc1167e911e3a17f65d7c4b266e3e56dc9210b9b9ad014e8219ee5dd1df84e6b,ETHUSDT,15m,SHORT,REJECTED,no_trades_generated,,0.0,0.0,0.0,0,0,0,False,False
ebe1d1af500a0aed3cbdc5b1e4eb9c061efcb77a4ada6787a9722a26e7fca0ff,H,dc1167e911e3a17f65d7c4b266e3e56dc9210b9b9ad014e8219ee5dd1df84e6b,SOLUSDT,15m,LONG,REJECTED,no_trades_generated,,0.0,0.0,0.0,0,0,0,False,False
d1a7ba176a4a1979da1de69f96d8587654afcf83ce19e377133a92504714f33a,H,dc1167e911e3a17f65d7c4b266e3e56dc9210b9b9ad014e8219ee5dd1df84e6b,SOLUSDT,15m,SHORT,REJECTED,no_trades_generated,,0.0,0.0,0.0,0,0,0,False,False
f18d61665886bd4c265fdb0c764ed1cb5db1619c6c89b3692ab6ba50f838f41b,H,89634f1e0063d1701cdd97282cf94bff5dc0b51eed7f95d6edc8776c5c7198f5,BTCUSDT,15m,SHORT,REJECTED,non_positive_net,,11.915275522433694,14.5,-2.584724477566306,25,0,25,True,False
8802dd60e6c6b51bc09b028b670156dd4e358b3c229fea7068fec261159deac2,H,89634f1e0063d1701cdd97282cf94bff5dc0b51eed7f95d6edc8776c5c7198f5,ETHUSDT,15m,LONG,REJECTED,non_positive_net,,11.148188308473749,14.5,-3.351811691526251,32,32,0,True,False
6f2a476e5c0faae84d79bc293adce814f0291db3e0ea334dc23aee273c35bacf,C,f38cb1f0ebd59458f2924ba5b13ce665b4ea6b68fe70d48572715963cb0ba95a,BTCUSDT,15m,LONG,REJECTED,no_trades_generated,,0.0,0.0,0.0,0,0,0,False,False
f4acb45ab5e59bafba2aa2a1445c2e0e8ccf332d89d0cc1b0d55d227cbb83bd5,C,f38cb1f0ebd59458f2924ba5b13ce665b4ea6b68fe70d48572715963cb0ba95a,BTCUSDT,15m,SHORT,REJECTED,no_trades_generated,,0.0,0.0,0.0,0,0,0,False,False
0f641fc36296a8dffad3b4772bd556ed4379251047ff55d80b2fc95138e70b5e,C,f38cb1f0ebd59458f2924ba5b13ce665b4ea6b68fe70d48572715963cb0ba95a,ETHUSDT,15m,LONG,REJECTED,no_trades_generated,,0.0,0.0,0.0,0,0,0,False,False
9db35373ae27988a19b714c46aa6432300c7ce935f74fe9c2561bc21d068e16c,C,f38cb1f0ebd59458f2924ba5b13ce665b4ea6b68fe70d48572715963cb0ba95a,ETHUSDT,15m,SHORT,REJECTED,no_trades_generated,,0.0,0.0,0.0,0,0,0,False,False
e76edd5720b1282ddca071417acf03255af0c73f5e910bec1d2c99f661da9888,C,f38cb1f0ebd59458f2924ba5b13ce665b4ea6b68fe70d48572715963cb0ba95a,SOLUSDT,15m,LONG,REJECTED,no_trades_generated,,0.0,0.0,0.0,0,0,0,False,False
82c364b4992071bc89d091d4175bbad1602b6f8eeeacff16624dce835fc815bb,C,f38cb1f0ebd59458f2924ba5b13ce665b4ea6b68fe70d48572715963cb0ba95a,SOLUSDT,15m,SHORT,REJECTED,no_trades_generated,,0.0,0.0,0.0,0,0,0,False,False
071246283271ae8dc2b54d5be9e005b6d304a11c6c914e4c281fd4736e475692,C,bb1a760fbb0fd3473b54149c266f312e6824bc4e365a7389b6b5d18e7583b9b7,BTCUSDT,15m,LONG,REJECTED,no_trades_generated,,0.0,0.0,0.0,0,0,0,False,False
12d3b396b911a15fd6b0f9b69f85bb724d2d2a39e30c4cf090ceca22c3af2756,C,bb1a760fbb0fd3473b54149c266f312e6824bc4e365a7389b6b5d18e7583b9b7,BTCUSDT,15m,SHORT,REJECTED,no_trades_generated,,0.0,0.0,0.0,0,0,0,False,False
6619797a73e7076174d544b9fcd00fa8a06463a5f755669fb1c9264a0f06c24d,C,bb1a760fbb0fd3473b54149c266f312e6824bc4e365a7389b6b5d18e7583b9b7,ETHUSDT,15m,LONG,REJECTED,no_trades_generated,,0.0,0.0,0.0,0,0,0,False,False
2d0dc2d2153790d367c97e007bb69138760022d3ea401c53b879fa059d290998,C,bb1a760fbb0fd3473b54149c266f312e6824bc4e365a7389b6b5d18e7583b9b7,ETHUSDT,15m,SHORT,REJECTED,no_trades_generated,,0.0,0.0,0.0,0,0,0,False,False
6ce538caca4d79d408f854e3ebd6031cf30ce9340d458ebbe8e9649150550e82,C,bb1a760fbb0fd3473b54149c266f312e6824bc4e365a7389b6b5d18e7583b9b7,SOLUSDT,15m,LONG,REJECTED,no_trades_generated,,0.0,0.0,0.0,0,0,0,False,False
b1556d4ad6f2691bec57ee89cfa788b91f090113a54a06d63b71ca11143157da,C,bb1a760fbb0fd3473b54149c266f312e6824bc4e365a7389b6b5d18e7583b9b7,SOLUSDT,15m,SHORT,REJECTED,no_trades_generated,,0.0,0.0,0.0,0,0,0,False,False
f94dbe870d06c920deae8d5fb9a807f65bac8e7094c235258978d199c0c2784c,C,17b9199229d6177a84322f4f64e69ba679f2a5d2fbe2977b24f44906e36e13db,BTCUSDT,15m,LONG,REJECTED,no_trades_generated,,0.0,0.0,0.0,0,0,0,False,False
241cd553557a173805f877e6c06a690959b88cd7fd1e147e802b05e92e96c1ec,C,17b9199229d6177a84322f4f64e69ba679f2a5d2fbe2977b24f44906e36e13db,BTCUSDT,15m,SHORT,REJECTED,no_trades_generated,,0.0,0.0,0.0,0,0,0,False,False
4539dec67b1cfcff0aa94bff1ed974e481d4f54fd9c90c54d19bcd9753a6d9a7,C,17b9199229d6177a84322f4f64e69ba679f2a5d2fbe2977b24f44906e36e13db,ETHUSDT,15m,LONG,REJECTED,no_trades_generated,,0.0,0.0,0.0,0,0,0,False,False
88c7250b6b7e735dc1e1fbf9b79ce1580041aa4b36fa1eb825d6fe3b60bc563c,C,17b9199229d6177a84322f4f64e69ba679f2a5d2fbe2977b24f44906e36e13db,ETHUSDT,15m,SHORT,REJECTED,no_trades_generated,,0.0,0.0,0.0,0,0,0,False,False
5e03c3207f52c337d96274d80ed620d26dd1545ad316e8f1b54aff70479a0a4c,C,17b9199229d6177a84322f4f64e69ba679f2a5d2fbe2977b24f44906e36e13db,SOLUSDT,15m,LONG,REJECTED,no_trades_generated,,0.0,0.0,0.0,0,0,0,False,False
8139983fe356b14457dd4e8d20e9099eb587211e8b45d3cbba20d71f3df76614,C,17b9199229d6177a84322f4f64e69ba679f2a5d2fbe2977b24f44906e36e13db,SOLUSDT,15m,SHORT,REJECTED,no_trades_generated,,0.0,0.0,0.0,0,0,0,False,False
23b0526435af6ba0a1335178f860293b4792a8913628479917e8ef33414b7c87,C,e5c7fa6127efe488ec46f14d805c14581ca01f0b894c539b138777a99bc0aa73,BTCUSDT,15m,LONG,REJECTED,no_trades_generated,,0.0,0.0,0.0,0,0,0,False,False
3ad3ba6d563ce361144e3cb2010b29da08bb20276ac619e931556a5340a5ee69,C,e5c7fa6127efe488ec46f14d805c14581ca01f0b894c539b138777a99bc0aa73,BTCUSDT,15m,SHORT,REJECTED,no_trades_generated,,0.0,0.0,0.0,0,0,0,False,False
62d98472f2698c7d6bc0318b3e8a806d9b80e72883f0fc29f79da88ae2f784ec,C,e5c7fa6127efe488ec46f14d805c14581ca01f0b894c539b138777a99bc0aa73,ETHUSDT,15m,LONG,REJECTED,no_trades_generated,,0.0,0.0,0.0,0,0,0,False,False
ce84494d7f7a7d889e64037b762f9c19a2c2008204bb2ca47eb5bd86b173fdb1,C,e5c7fa6127efe488ec46f14d805c14581ca01f0b894c539b138777a99bc0aa73,ETHUSDT,15m,SHORT,REJECTED,no_trades_generated,,0.0,0.0,0.0,0,0,0,False,False
394407550bb112ab2e6a128bc181ce5c4c94e12e55bb3d1a52cdf9698c54e24f,C,e5c7fa6127efe488ec46f14d805c14581ca01f0b894c539b138777a99bc0aa73,SOLUSDT,15m,LONG,REJECTED,no_trades_generated,,0.0,0.0,0.0,0,0,0,False,False
eeb729632f2c1702f3ee8649148f72938679b0060192e2f6fdffd3165b9e74b9,C,e5c7fa6127efe488ec46f14d805c14581ca01f0b894c539b138777a99bc0aa73,SOLUSDT,15m,SHORT,REJECTED,no_trades_generated,,0.0,0.0,0.0,0,0,0,False,False
18bc3e6165d661be6a61d9b3b345a8ccfe855b0c3cc34e00175815a317c8e600,C,335995bba2cb9a3d5a867589c84e4d5a027d767a7f197d8392e9fc015662c37a,BTCUSDT,15m,SHORT,REJECTED,no_trades_generated,,0.0,0.0,0.0,0,0,0,False,False
4671fc6ac756b401432cf79af9e4e82318a131cb6c8663605b0d122aab3de317,C,335995bba2cb9a3d5a867589c84e4d5a027d767a7f197d8392e9fc015662c37a,ETHUSDT,15m,SHORT,REJECTED,no_trades_generated,,0.0,0.0,0.0,0,0,0,False,False
eb370899943c6eddba1a2eb8315092d4d69d2dde215a7186bbe71674f1b69eac,C,335995bba2cb9a3d5a867589c84e4d5a027d767a7f197d8392e9fc015662c37a,SOLUSDT,15m,SHORT,REJECTED,no_trades_generated,,0.0,0.0,0.0,0,0,0,False,False
12fe147ee189c609244ec80134df70f2d29a38d149518f86a1bcc92dc50d8ecc,C,ef1436754e3f78f7aff8a461f3a394c2bdda5b8417070c0d6c41ef4ebe55bf0e,BTCUSDT,15m,LONG,REJECTED,no_trades_generated,,0.0,0.0,0.0,0,0,0,False,False
83c687e6bc2c47b6d0d6f75e03e73c67ed2a657e0d78f113d1dad29ddada3217,C,ef1436754e3f78f7aff8a461f3a394c2bdda5b8417070c0d6c41ef4ebe55bf0e,BTCUSDT,15m,SHORT,REJECTED,no_trades_generated,,0.0,0.0,0.0,0,0,0,False,False
f621502af81d351860464547e234a9cc77bd7e1e5c714ff39b8f127dd91c9f3b,C,ef1436754e3f78f7aff8a461f3a394c2bdda5b8417070c0d6c41ef4ebe55bf0e,ETHUSDT,15m,LONG,REJECTED,no_trades_generated,,0.0,0.0,0.0,0,0,0,False,False
3b1632d01d29e424914bb568055800d66f4e6d6e2d3456707d4d61c6cfe9253a,C,ef1436754e3f78f7aff8a461f3a394c2bdda5b8417070c0d6c41ef4ebe55bf0e,ETHUSDT,15m,SHORT,REJECTED,no_trades_generated,,0.0,0.0,0.0,0,0,0,False,False
851128f32a46d33ab5f722eeb5d692e5eb07cb48796538d413aab100dd71e766,C,ef1436754e3f78f7aff8a461f3a394c2bdda5b8417070c0d6c41ef4ebe55bf0e,SOLUSDT,15m,LONG,REJECTED,no_trades_generated,,0.0,0.0,0.0,0,0,0,False,False
46163a5783f0a563e86364b9b1b54225169b9f930a8d72a26e42ff147db7f969,C,ef1436754e3f78f7aff8a461f3a394c2bdda5b8417070c0d6c41ef4ebe55bf0e,SOLUSDT,15m,SHORT,REJECTED,no_trades_generated,,0.0,0.0,0.0,0,0,0,False,False
32bde52e7671f7af3c21b81a636b901624c7f5d6306bf05efe20fe3159f32e07,C,27503d93453a54abcd14448b65ae98814d673e90cfa3a0f4fc2c6933d500626d,BTCUSDT,15m,LONG,REJECTED,no_trades_generated,,0.0,0.0,0.0,0,0,0,False,False
dce533f25ec37cfd35b406b55386d245a83328cf3d523b2e56c13e9fe44c156c,C,27503d93453a54abcd14448b65ae98814d673e90cfa3a0f4fc2c6933d500626d,BTCUSDT,15m,SHORT,REJECTED,no_trades_generated,,0.0,0.0,0.0,0,0,0,False,False
5af958d25a9c23732926b23eff527e408663ff0f45db262bae318fa887fe7548,C,27503d93453a54abcd14448b65ae98814d673e90cfa3a0f4fc2c6933d500626d,ETHUSDT,15m,LONG,REJECTED,no_trades_generated,,0.0,0.0,0.0,0,0,0,False,False
c7f1e0cd4ff23ddf2085794dd4196f0c462581ca794e45b14fcea65bcb170125,C,27503d93453a54abcd14448b65ae98814d673e90cfa3a0f4fc2c6933d500626d,ETHUSDT,15m,SHORT,REJECTED,no_trades_generated,,0.0,0.0,0.0,0,0,0,False,False
be1822300cfce37acf6b8688e3d4ca603d0c15b40f3707f0286c0dd9bb25577f,C,27503d93453a54abcd14448b65ae98814d673e90cfa3a0f4fc2c6933d500626d,SOLUSDT,15m,LONG,REJECTED,no_trades_generated,,0.0,0.0,0.0,0,0,0,False,False
64fe415421c503cf2e737414ad4c4225c0c721e43978b61bcdde9d372e1aa18f,C,27503d93453a54abcd14448b65ae98814d673e90cfa3a0f4fc2c6933d500626d,SOLUSDT,15m,SHORT,REJECTED,no_trades_generated,,0.0,0.0,0.0,0,0,0,False,False
db3bbbf746db81c186b31ed58ba7d211b832820e499c59fb4782a3b4a5a86abd,C,0dcb8881d62ff5c72b01687a2dcd13d45204de55b8da011c49041e6b8bc69ecb,BTCUSDT,15m,SHORT,REJECTED,no_trades_generated,,0.0,0.0,0.0,0,0,0,False,False
5c1e278e6af8718928b21059d0e4aaaa82a256da5ba4b7190f87d8ba6b25d5d4,C,0dcb8881d62ff5c72b01687a2dcd13d45204de55b8da011c49041e6b8bc69ecb,ETHUSDT,15m,SHORT,REJECTED,no_trades_generated,,0.0,0.0,0.0,0,0,0,False,False
78f3164dfc4f34f35d8b2ff5e08ed12247dbc5f1d1a1858c69ffcc021d760bc7,C,0dcb8881d62ff5c72b01687a2dcd13d45204de55b8da011c49041e6b8bc69ecb,SOLUSDT,15m,SHORT,REJECTED,no_trades_generated,,0.0,0.0,0.0,0,0,0,False,False
536f65bd7a93b7906ba0e7caa8a7806f1eeee04a7cd3a00ba1043f7a18620f48,C,0d702d421a825d7540bbe6293989fe724772e22bb0d8582db9e0d58e513ec2ae,BTCUSDT,15m,LONG,REJECTED,no_trades_generated,,0.0,0.0,0.0,0,0,0,False,False
0c533964784cd90199a67d90e5677d684e77f9c480a2902aba8b324befe769b0,C,0d702d421a825d7540bbe6293989fe724772e22bb0d8582db9e0d58e513ec2ae,BTCUSDT,15m,SHORT,REJECTED,no_trades_generated,,0.0,0.0,0.0,0,0,0,False,False
f46a800f84ea66e56a99a91536995510ec1f82dc6b6442f4831f5a4e0280f161,C,0d702d421a825d7540bbe6293989fe724772e22bb0d8582db9e0d58e513ec2ae,ETHUSDT,15m,LONG,REJECTED,no_trades_generated,,0.0,0.0,0.0,0,0,0,False,False
ca6d04bac68dfb2cd5aa8d51de040b7b0eca3ba2a3ec80c95aee91a61bfdddb3,C,0d702d421a825d7540bbe6293989fe724772e22bb0d8582db9e0d58e513ec2ae,ETHUSDT,15m,SHORT,REJECTED,no_trades_generated,,0.0,0.0,0.0,0,0,0,False,False
21ce53960425796beb344d1f91cdcce265e6989bf28f56b0f11e34a27860a658,C,0d702d421a825d7540bbe6293989fe724772e22bb0d8582db9e0d58e513ec2ae,SOLUSDT,15m,LONG,REJECTED,no_trades_generated,,0.0,0.0,0.0,0,0,0,False,False
132987081ffb2919035a55e340dbc8530ae94ace9c5feb4b2d09b73c355bb55e,C,0d702d421a825d7540bbe6293989fe724772e22bb0d8582db9e0d58e513ec2ae,SOLUSDT,15m,SHORT,REJECTED,no_trades_generated,,0.0,0.0,0.0,0,0,0,False,False
1b0efa52a9ccfa862589e38ce55679e3177e4772fdf796d8a4d052e25c70579f,C,8fcde5ee090d62c93afbdf6d959fbe6fdaaa598d8c970ef27e8999d5a19f8e3a,BTCUSDT,15m,LONG,REJECTED,no_trades_generated,,0.0,0.0,0.0,0,0,0,False,False
ae416a338aa936ea145a1ab3fd0859354b5c1c4ae36c1f5e47f7c3d2ed0ab224,C,8fcde5ee090d62c93afbdf6d959fbe6fdaaa598d8c970ef27e8999d5a19f8e3a,BTCUSDT,15m,SHORT,REJECTED,no_trades_generated,,0.0,0.0,0.0,0,0,0,False,False
dafa89c8f6f77cde012a833e829e80173c363289dabc53dedd15946a1681d15c,C,8fcde5ee090d62c93afbdf6d959fbe6fdaaa598d8c970ef27e8999d5a19f8e3a,ETHUSDT,15m,LONG,REJECTED,no_trades_generated,,0.0,0.0,0.0,0,0,0,False,False
b5f597a5f1989a531d5155079a73d359debdfbdd69b46e5e4c9a3a19bd1c2963,C,8fcde5ee090d62c93afbdf6d959fbe6fdaaa598d8c970ef27e8999d5a19f8e3a,ETHUSDT,15m,SHORT,REJECTED,no_trades_generated,,0.0,0.0,0.0,0,0,0,False,False
7eac837d85b36b272280d0aa961916f759c97534c908031ae0d54b34dc65c145,C,8fcde5ee090d62c93afbdf6d959fbe6fdaaa598d8c970ef27e8999d5a19f8e3a,SOLUSDT,15m,LONG,REJECTED,no_trades_generated,,0.0,0.0,0.0,0,0,0,False,False
68c202500baa232ea25b17a8a2b0892682b6a4ddc270f8dfb9c90f9e6bc2022c,C,8fcde5ee090d62c93afbdf6d959fbe6fdaaa598d8c970ef27e8999d5a19f8e3a,SOLUSDT,15m,SHORT,REJECTED,no_trades_generated,,0.0,0.0,0.0,0,0,0,False,False
7916eebfefaf31b0db13e75f8a102b5fd076bfdc2a6eabee8cdfc6772ac0a621,C,f13558ab1c87e670d70e6784f79eae5e7440d7d82c9d3f7e995e8b60c63ca7ce,BTCUSDT,15m,SHORT,REJECTED,no_trades_generated,,0.0,0.0,0.0,0,0,0,False,False
45d0670fa91bf7230e67fec1c1628a0659cfa8afac913de85f604175cdfb482a,C,f13558ab1c87e670d70e6784f79eae5e7440d7d82c9d3f7e995e8b60c63ca7ce,ETHUSDT,15m,SHORT,REJECTED,no_trades_generated,,0.0,0.0,0.0,0,0,0,False,False
59db42162b5607b5cb52b1f7de8450d928828c36d3e01b9e75e6d421a3defd6e,C,f13558ab1c87e670d70e6784f79eae5e7440d7d82c9d3f7e995e8b60c63ca7ce,SOLUSDT,15m,SHORT,REJECTED,no_trades_generated,,0.0,0.0,0.0,0,0,0,False,False
8745cbd41a10c86c1163835281545456557cfff53a9b2743039bec625453c0d6,C,4bfdfdf294a241967cfd0823828a7f9bc974ffb83a3f7e735bff1e766c168c36,BTCUSDT,15m,LONG,REJECTED,no_trades_generated,,0.0,0.0,0.0,0,0,0,False,False
321b7126cc766c7fdb0640eaa6050e8d75ef290123bf27b3713ea578e1e0175d,C,4bfdfdf294a241967cfd0823828a7f9bc974ffb83a3f7e735bff1e766c168c36,BTCUSDT,15m,SHORT,REJECTED,no_trades_generated,,0.0,0.0,0.0,0,0,0,False,False
b79b06e496a90c2e1b50e85fa5290d9f97f03c825d4f3df5959b498e475a05d5,C,4bfdfdf294a241967cfd0823828a7f9bc974ffb83a3f7e735bff1e766c168c36,ETHUSDT,15m,LONG,REJECTED,no_trades_generated,,0.0,0.0,0.0,0,0,0,False,False
523e2a9164f05a57aa2c558cb664ab33cc7ff41f414aaf41f6bbbfb6a99f6f95,C,4bfdfdf294a241967cfd0823828a7f9bc974ffb83a3f7e735bff1e766c168c36,ETHUSDT,15m,SHORT,REJECTED,no_trades_generated,,0.0,0.0,0.0,0,0,0,False,False
6f39feeb8c422d1dda97a09304a90f4d804b377e08027b02e319cf89155fcb77,C,4bfdfdf294a241967cfd0823828a7f9bc974ffb83a3f7e735bff1e766c168c36,SOLUSDT,15m,LONG,REJECTED,no_trades_generated,,0.0,0.0,0.0,0,0,0,False,False
3b24d8510c3c37872768f4388e619c8d21bf0a5cf13c303f62947069219de4cf,C,4bfdfdf294a241967cfd0823828a7f9bc974ffb83a3f7e735bff1e766c168c36,SOLUSDT,15m,SHORT,REJECTED,no_trades_generated,,0.0,0.0,0.0,0,0,0,False,False
21cf8caee16cd4e9e0426f4b53c6528611dbbdf8a028fbd20ac47b49a08ce243,C,606c655cc43833fddacb8c668ed10bb3f481574f45e4ec9aab2f7cb3e03336cf,BTCUSDT,15m,SHORT,REJECTED,no_trades_generated,,0.0,0.0,0.0,0,0,0,False,False
dec2618b57143b03386cc84d661d7a488359bc13ec6bae4f3300c190b5060386,C,606c655cc43833fddacb8c668ed10bb3f481574f45e4ec9aab2f7cb3e03336cf,ETHUSDT,15m,SHORT,REJECTED,no_trades_generated,,0.0,0.0,0.0,0,0,0,False,False
49596ed46ebf6b880f0281bd4626dfbe9f8b04225322139c99b4e01718969549,C,b5491d75a02492c46316e649d669ab8ca6ceaf7760154a43aba49f1d74ad4324,BTCUSDT,15m,SHORT,REJECTED,no_trades_generated,,0.0,0.0,0.0,0,0,0,False,False
2a18b1312fc60d95b49a34fa01b8a1872b2f67cedda4b24b1fa13515672f30c6,C,b5491d75a02492c46316e649d669ab8ca6ceaf7760154a43aba49f1d74ad4324,ETHUSDT,15m,SHORT,REJECTED,no_trades_generated,,0.0,0.0,0.0,0,0,0,False,False
8b228d2a3781dc657112a2b6eb886801662c74709ecc9f7561a0b84dad3c6e82,C,b5491d75a02492c46316e649d669ab8ca6ceaf7760154a43aba49f1d74ad4324,SOLUSDT,15m,SHORT,REJECTED,no_trades_generated,,0.0,0.0,0.0,0,0,0,False,False
98fbbb6dc1b34e2eaee0b6ae6d42d4bcff5a6e734f852b85bf906222d1f947fa,C,88064eb0af2ff747c81497d029c03442ef73bed94ee44402686dbdd9142f5edd,BTCUSDT,15m,SHORT,REJECTED,no_trades_generated,,0.0,0.0,0.0,0,0,0,False,False
e1520ed59a3424d09146188efc789ea1598c44c5f0d79dd17590958d902ff1f3,C,88064eb0af2ff747c81497d029c03442ef73bed94ee44402686dbdd9142f5edd,ETHUSDT,15m,SHORT,REJECTED,no_trades_generated,,0.0,0.0,0.0,0,0,0,False,False
0b37ff6f8b0aeebf7a8b5cd310e8e1364e88569016bc8b369d8d5fc1150e793c,C,88064eb0af2ff747c81497d029c03442ef73bed94ee44402686dbdd9142f5edd,SOLUSDT,15m,SHORT,REJECTED,no_trades_generated,,0.0,0.0,0.0,0,0,0,False,False
d8d253995fe188b77491004dc2950714e6e9ee3dc0388444d98a84127696bba7,C,401d24643ec08e941d744f3e42a811f5887c3c892586bd40eff546eb2ced440a,BTCUSDT,15m,LONG,REJECTED,non_positive_net,,13.258583106188551,14.5,-1.241416893811449,1434,1435,0,True,False
6fc2576d9144335c947871c33cbd72067e061dbf2548a29d874704d091fc6128,C,401d24643ec08e941d744f3e42a811f5887c3c892586bd40eff546eb2ced440a,BTCUSDT,15m,SHORT,REJECTED,no_trades_generated,,0.0,0.0,0.0,0,0,0,False,False
8de32136b1899cb6c2b57398526eea991f9adedb5476754ac248f1a5ebee14a8,C,401d24643ec08e941d744f3e42a811f5887c3c892586bd40eff546eb2ced440a,ETHUSDT,15m,LONG,REJECTED,non_positive_net,,14.180189402737765,14.5,-0.3198105972622347,1430,1431,0,True,False
c9409bff250e0bc47a97aa4b80da866559ce3485c2c94d4f7f20b2864bf1bc6b,C,401d24643ec08e941d744f3e42a811f5887c3c892586bd40eff546eb2ced440a,ETHUSDT,15m,SHORT,REJECTED,no_trades_generated,,0.0,0.0,0.0,0,0,0,False,False
ad7fd09af7d2f80086c649225f52f9e3116dcedb7a51b6d3889f2f004fb21e6e,C,401d24643ec08e941d744f3e42a811f5887c3c892586bd40eff546eb2ced440a,SOLUSDT,15m,SHORT,REJECTED,no_trades_generated,,0.0,0.0,0.0,0,0,0,False,False
3ce2df25d7e040ff6c50723e1fec9a54a2425d6adb21f9c90e38eef41222e66b,C,a916e2e9151d70c2bcbb8ff83632efb3884f052e59b4b6c9eaf8f26c7578fb49,BTCUSDT,15m,LONG,REJECTED,no_trades_generated,,0.0,0.0,0.0,0,0,0,False,False
760550da8360548bb17b56a2115ddcbcc16341e6196bbd9b7634f16b6baa5832,C,a916e2e9151d70c2bcbb8ff83632efb3884f052e59b4b6c9eaf8f26c7578fb49,BTCUSDT,15m,SHORT,REJECTED,no_trades_generated,,0.0,0.0,0.0,0,0,0,False,False
c7336b600589e3e05ef2693ec8cbc9b6623d0eb85eb5900b2555fe89d916f8c1,C,a916e2e9151d70c2bcbb8ff83632efb3884f052e59b4b6c9eaf8f26c7578fb49,ETHUSDT,15m,LONG,REJECTED,no_trades_generated,,0.0,0.0,0.0,0,0,0,False,False
cd2427b3e638b8662546e29bd3b9c846eaa297f7a8215f1a4d632488f0556c54,C,a916e2e9151d70c2bcbb8ff83632efb3884f052e59b4b6c9eaf8f26c7578fb49,ETHUSDT,15m,SHORT,REJECTED,no_trades_generated,,0.0,0.0,0.0,0,0,0,False,False
f0e329ddf7f4d4350127f387510c1bd35f593b248288661d471651543b01da37,C,a916e2e9151d70c2bcbb8ff83632efb3884f052e59b4b6c9eaf8f26c7578fb49,SOLUSDT,15m,LONG,REJECTED,no_trades_generated,,0.0,0.0,0.0,0,0,0,False,False
0af918a4ce03d2ae9ae8249eb06a2dd4ea17f707b40b3b360a51592385357b2a,C,a916e2e9151d70c2bcbb8ff83632efb3884f052e59b4b6c9eaf8f26c7578fb49,SOLUSDT,15m,SHORT,REJECTED,no_trades_generated,,0.0,0.0,0.0,0,0,0,False,False
cb28aafbadaf0b8a494bed5366b6aaf2fc9706e19019555ef08399891a25f9cf,C,93b35523c049ad222b3dfb78e52f8467235b301a6a327d791e5fbc82678732c8,BTCUSDT,15m,LONG,REJECTED,no_trades_generated,,0.0,0.0,0.0,0,0,0,False,False
bddfef82664f896c7605e99f7bc8aef553eb0e2acc60ad5f1481a753e265be4d,C,93b35523c049ad222b3dfb78e52f8467235b301a6a327d791e5fbc82678732c8,BTCUSDT,15m,SHORT,REJECTED,no_trades_generated,,0.0,0.0,0.0,0,0,0,False,False
b9632ae2be4e5378d5f8258aeb5c5d9eaffb4c8d159b13a34e77f9beff2ec68e,C,93b35523c049ad222b3dfb78e52f8467235b301a6a327d791e5fbc82678732c8,ETHUSDT,15m,LONG,REJECTED,no_trades_generated,,0.0,0.0,0.0,0,0,0,False,False
2c425151ddeee2c7639f4c96a40506cae30190fc522d747da87af3f37f7a3ce5,C,93b35523c049ad222b3dfb78e52f8467235b301a6a327d791e5fbc82678732c8,ETHUSDT,15m,SHORT,REJECTED,no_trades_generated,,0.0,0.0,0.0,0,0,0,False,False
8c7bc00b024f43f9a758009f5199fad4894ea04e0e7f93ce67ca8182383fa667,C,93b35523c049ad222b3dfb78e52f8467235b301a6a327d791e5fbc82678732c8,SOLUSDT,15m,LONG,REJECTED,no_trades_generated,,0.0,0.0,0.0,0,0,0,False,False
37d99df01821ff8d81eb485525034f7b73faabe37bc02466808a8fab9c6e02c4,C,93b35523c049ad222b3dfb78e52f8467235b301a6a327d791e5fbc82678732c8,SOLUSDT,15m,SHORT,REJECTED,no_trades_generated,,0.0,0.0,0.0,0,0,0,False,False
16c27c0e051ca1d36c658a433c8b3e75cc83250b7434749e16c2eb61594b2e82,C,64e6bd20db755f94c42f4362c1e335af195ef28ba6469e764faf3bbd54670254,BTCUSDT,15m,LONG,REJECTED,no_trades_generated,,0.0,0.0,0.0,0,0,0,False,False
1e64c438abf98d85a2019b0025df988cbc9a4472fc6edc9d731f83f8ca73d294,C,64e6bd20db755f94c42f4362c1e335af195ef28ba6469e764faf3bbd54670254,BTCUSDT,15m,SHORT,REJECTED,no_trades_generated,,0.0,0.0,0.0,0,0,0,False,False
445bd710228cd85a9ee9f9f1ad7049e861b9d6d0462b7a00fa8797b2635fbcf2,C,64e6bd20db755f94c42f4362c1e335af195ef28ba6469e764faf3bbd54670254,ETHUSDT,15m,LONG,REJECTED,no_trades_generated,,0.0,0.0,0.0,0,0,0,False,False
473856871e11e3d76a52e65e93d9f7bb2cabc13bc8378be97b23d8ad30eb2e97,C,64e6bd20db755f94c42f4362c1e335af195ef28ba6469e764faf3bbd54670254,ETHUSDT,15m,SHORT,REJECTED,no_trades_generated,,0.0,0.0,0.0,0,0,0,False,False
506604d0ee371978c2f151068beea9cb56953f83a11859a9926d5df0c56b021d,C,64e6bd20db755f94c42f4362c1e335af195ef28ba6469e764faf3bbd54670254,SOLUSDT,15m,LONG,REJECTED,no_trades_generated,,0.0,0.0,0.0,0,0,0,False,False
c3e8a9332d6141a02a3a96dd74feb1bd0ae57419a462ca74f544678f857739e2,C,64e6bd20db755f94c42f4362c1e335af195ef28ba6469e764faf3bbd54670254,SOLUSDT,15m,SHORT,REJECTED,no_trades_generated,,0.0,0.0,0.0,0,0,0,False,False
1a65c59b5b7fc37948eb2136306fe16d3084261316a6b9e92d1bf7724c633d07,C,6aad9c62628b3ca7bc35d1ac90b917169c652b9c3079968e584a206bdc68564a,BTCUSDT,15m,LONG,REJECTED,no_trades_generated,,0.0,0.0,0.0,0,0,0,False,False
64d7132d3dedd859c9a5cccf8e0c0be362274525778a9b951d4e95d61543432b,C,6aad9c62628b3ca7bc35d1ac90b917169c652b9c3079968e584a206bdc68564a,BTCUSDT,15m,SHORT,REJECTED,no_trades_generated,,0.0,0.0,0.0,0,0,0,False,False
b6751c77d522f7355b4211bf561cf034d9aad3bedfa0ee312e72b43fe9dbd26b,C,6aad9c62628b3ca7bc35d1ac90b917169c652b9c3079968e584a206bdc68564a,ETHUSDT,15m,LONG,REJECTED,no_trades_generated,,0.0,0.0,0.0,0,0,0,False,False
a0eaa838ee0a34e5439e7c4040c5b0962ecb9f024957ee215cbf716b800f40c5,C,6aad9c62628b3ca7bc35d1ac90b917169c652b9c3079968e584a206bdc68564a,ETHUSDT,15m,SHORT,REJECTED,no_trades_generated,,0.0,0.0,0.0,0,0,0,False,False
371de22fddbe1fd79fb48636007891c27652404f91c5689dbb07e495cfcaac60,C,6aad9c62628b3ca7bc35d1ac90b917169c652b9c3079968e584a206bdc68564a,SOLUSDT,15m,LONG,REJECTED,no_trades_generated,,0.0,0.0,0.0,0,0,0,False,False
0bca495ed9992547c8535ee6ed053465c16089d618137b9daeca35ee8cada2fa,C,6aad9c62628b3ca7bc35d1ac90b917169c652b9c3079968e584a206bdc68564a,SOLUSDT,15m,SHORT,REJECTED,no_trades_generated,,0.0,0.0,0.0,0,0,0,False,False
680bd8790c59f574eb96b9a19cdb48ac605a3577d3e5a6c46d9e6e913d0a71a5,C,0e3bffd1c729cae5ff8c0c266f1db939b5b5b0c7dbdb158c78f5ddde73328562,BTCUSDT,15m,LONG,REJECTED,no_trades_generated,,0.0,0.0,0.0,0,0,0,False,False
9d38206acc77c24f9420f92dfa19d3c5b5fe70efcf663d154459691e201b02f3,C,0e3bffd1c729cae5ff8c0c266f1db939b5b5b0c7dbdb158c78f5ddde73328562,BTCUSDT,15m,SHORT,REJECTED,no_trades_generated,,0.0,0.0,0.0,0,0,0,False,False
a559506b8de85e366f3f79f825d02e8518e84654fb317af480ca694f9181d9e3,C,0e3bffd1c729cae5ff8c0c266f1db939b5b5b0c7dbdb158c78f5ddde73328562,ETHUSDT,15m,LONG,REJECTED,no_trades_generated,,0.0,0.0,0.0,0,0,0,False,False
a1fe126d28de977d395e2396893ccdb30d2f16fa3812b8a8c5dba9b6287174ca,C,0e3bffd1c729cae5ff8c0c266f1db939b5b5b0c7dbdb158c78f5ddde73328562,ETHUSDT,15m,SHORT,REJECTED,no_trades_generated,,0.0,0.0,0.0,0,0,0,False,False
deba1bba5a1d7508cc81279bc641f9988aa54c4b7da8b23e493206b99aba121f,C,0e3bffd1c729cae5ff8c0c266f1db939b5b5b0c7dbdb158c78f5ddde73328562,SOLUSDT,15m,LONG,REJECTED,no_trades_generated,,0.0,0.0,0.0,0,0,0,False,False
3d0a1b4c2254c9431e2df79c5fe017dc5473388658ff971b9d63452cfe987952,C,0e3bffd1c729cae5ff8c0c266f1db939b5b5b0c7dbdb158c78f5ddde73328562,SOLUSDT,15m,SHORT,REJECTED,no_trades_generated,,0.0,0.0,0.0,0,0,0,False,False
ecf062813b283be9c7c9e91ee35882aaaaa2d9776d15ad4db44fec42fe688759,C,45918ff45dbe3565c0b5f79a6c12636830390cdd67b2231c0efe2eae9ce2f632,BTCUSDT,15m,LONG,REJECTED,no_trades_generated,,0.0,0.0,0.0,0,0,0,False,False
6affd4b360e51642f3d273ef02bea190079120538c6286a21d518f89323ec9fe,C,45918ff45dbe3565c0b5f79a6c12636830390cdd67b2231c0efe2eae9ce2f632,BTCUSDT,15m,SHORT,REJECTED,no_trades_generated,,0.0,0.0,0.0,0,0,0,False,False
814c519cfa1f7fed498ecf34ffb1123baff462bb1d82682468ce4039e9c17940,C,45918ff45dbe3565c0b5f79a6c12636830390cdd67b2231c0efe2eae9ce2f632,ETHUSDT,15m,LONG,REJECTED,no_trades_generated,,0.0,0.0,0.0,0,0,0,False,False
93d15b02ae6198573ca0a6102dcdd5362220414f3b77c87313b52f92a66946b9,C,45918ff45dbe3565c0b5f79a6c12636830390cdd67b2231c0efe2eae9ce2f632,ETHUSDT,15m,SHORT,REJECTED,no_trades_generated,,0.0,0.0,0.0,0,0,0,False,False
809bd3d66aed2abb1d5151d7cae30be69cfd34aedd948a159942ad52826a6d76,C,45918ff45dbe3565c0b5f79a6c12636830390cdd67b2231c0efe2eae9ce2f632,SOLUSDT,15m,LONG,REJECTED,no_trades_generated,,0.0,0.0,0.0,0,0,0,False,False
084fc52549c0afad16f24a0dee1ec144a50a51c3870bf46c8fc57ac700ae9a41,C,45918ff45dbe3565c0b5f79a6c12636830390cdd67b2231c0efe2eae9ce2f632,SOLUSDT,15m,SHORT,REJECTED,no_trades_generated,,0.0,0.0,0.0,0,0,0,False,False
5c3fb6b53ab5405ce453f7aee782686afc639fb43821b9d75a7622190ba06e92,C,ea0062234b39536ac47eb411a70f42b269a8267677a9a0258f1dc7a0cc1df0f8,BTCUSDT,15m,SHORT,REJECTED,no_trades_generated,,0.0,0.0,0.0,0,0,0,False,False
8a996ae505b6b19c2a34f0665871dca02746ac20a829a9cd27f7da14cc51d4e1,C,ea0062234b39536ac47eb411a70f42b269a8267677a9a0258f1dc7a0cc1df0f8,ETHUSDT,15m,SHORT,REJECTED,no_trades_generated,,0.0,0.0,0.0,0,0,0,False,False
0b639e2d58aafe5249eae8772cb66849705c6c83286ea692c5cfe7fc7e21034e,C,b8e13c7cbb94c0bcc7925207f23a126ee55195be035865f97ae8ea4f3d79c4c8,BTCUSDT,15m,LONG,REJECTED,no_trades_generated,,0.0,0.0,0.0,0,0,0,False,False
2a5fa342f9b7d34020e241660c23311335187b851990158763d755fa2d2699b2,C,b8e13c7cbb94c0bcc7925207f23a126ee55195be035865f97ae8ea4f3d79c4c8,BTCUSDT,15m,SHORT,REJECTED,no_trades_generated,,0.0,0.0,0.0,0,0,0,False,False
80d82db0821ceffec4fd955094b5a06bd912b97d8dc82c8b11a711ddb8dd0ce6,C,b8e13c7cbb94c0bcc7925207f23a126ee55195be035865f97ae8ea4f3d79c4c8,ETHUSDT,15m,LONG,REJECTED,no_trades_generated,,0.0,0.0,0.0,0,0,0,False,False
35b5ddc9bd5bf1469449722cee7d088aa73cedb5137ff8efe0afc8a24cdd5595,C,b8e13c7cbb94c0bcc7925207f23a126ee55195be035865f97ae8ea4f3d79c4c8,ETHUSDT,15m,SHORT,REJECTED,no_trades_generated,,0.0,0.0,0.0,0,0,0,False,False
590b98a98ecec3dfe50cd9194fb1baf1202df204f836cb4939de3f999c3ce2d7,C,b8e13c7cbb94c0bcc7925207f23a126ee55195be035865f97ae8ea4f3d79c4c8,SOLUSDT,15m,LONG,REJECTED,no_trades_generated,,0.0,0.0,0.0,0,0,0,False,False
512865bf6c6948cbf108121e802ca8e69d23a18e7c67405595b991057bb98c38,C,b8e13c7cbb94c0bcc7925207f23a126ee55195be035865f97ae8ea4f3d79c4c8,SOLUSDT,15m,SHORT,REJECTED,no_trades_generated,,0.0,0.0,0.0,0,0,0,False,False
8d9f63ec7c9b2c55ca5bf329b57d7fcdeb1d83c9089e18d2e8a990e268bc1abd,C,b1bc55dca6dd9e839fb98a23a35fc961ffcdf9f57c10b0e87d503d61127c614b,BTCUSDT,15m,LONG,REJECTED,no_trades_generated,,0.0,0.0,0.0,0,0,0,False,False
0f8ec9cedc6929fb49a171bfe5b3392033adf4af17003f06b37811a1822a90bd,C,b1bc55dca6dd9e839fb98a23a35fc961ffcdf9f57c10b0e87d503d61127c614b,BTCUSDT,15m,SHORT,REJECTED,no_trades_generated,,0.0,0.0,0.0,0,0,0,False,False
7f8b661acde919998726aea2e93b10ae8a931557311e5e5052107a5db9fc8ec8,C,b1bc55dca6dd9e839fb98a23a35fc961ffcdf9f57c10b0e87d503d61127c614b,ETHUSDT,15m,LONG,REJECTED,no_trades_generated,,0.0,0.0,0.0,0,0,0,False,False
0028b6b5d0aaf28495b698929fa6714aff1c4c98d417ff5da51cfd36e51986ea,C,b1bc55dca6dd9e839fb98a23a35fc961ffcdf9f57c10b0e87d503d61127c614b,ETHUSDT,15m,SHORT,REJECTED,no_trades_generated,,0.0,0.0,0.0,0,0,0,False,False
4ab2a6fdb2536f0c1417e1d153a66dd0a69e49765ab9fd1d1e10ac5bd1b2e95a,C,b1bc55dca6dd9e839fb98a23a35fc961ffcdf9f57c10b0e87d503d61127c614b,SOLUSDT,15m,LONG,REJECTED,no_trades_generated,,0.0,0.0,0.0,0,0,0,False,False
3d0dbb5f90a90824f0a7c6b955b2362eb26f17d217df2ef0a12321755c6b22f1,C,b1bc55dca6dd9e839fb98a23a35fc961ffcdf9f57c10b0e87d503d61127c614b,SOLUSDT,15m,SHORT,REJECTED,no_trades_generated,,0.0,0.0,0.0,0,0,0,False,False
385653629c9a5c84ff9ee8cb257953c0de92f8b8f66b9ae362dd060601e6a48d,C,34ea97d13ffc34dfc2e49a7a38d96797c69831896a8392f250387c0421a44532,BTCUSDT,15m,LONG,REJECTED,no_trades_generated,,0.0,0.0,0.0,0,0,0,False,False
146d197b39a7d72ee5aa230db5f18d67d81adefec39431800e782dbafd60f365,C,34ea97d13ffc34dfc2e49a7a38d96797c69831896a8392f250387c0421a44532,BTCUSDT,15m,SHORT,REJECTED,no_trades_generated,,0.0,0.0,0.0,0,0,0,False,False
f99a7f188863bdeeaa054fb7f767fa082e77c3f9e73bc111aacb82c80946e97f,C,34ea97d13ffc34dfc2e49a7a38d96797c69831896a8392f250387c0421a44532,ETHUSDT,15m,LONG,REJECTED,no_trades_generated,,0.0,0.0,0.0,0,0,0,False,False
77c72e2fbf99dec017d588308f62892062fb12c950e95dfa5efcca583809266f,C,34ea97d13ffc34dfc2e49a7a38d96797c69831896a8392f250387c0421a44532,ETHUSDT,15m,SHORT,REJECTED,no_trades_generated,,0.0,0.0,0.0,0,0,0,False,False
797a9d9a986c56379ba1a7ddb3b0f9b64e2bc2f7fdba1b55ffca2b102829d808,C,34ea97d13ffc34dfc2e49a7a38d96797c69831896a8392f250387c0421a44532,SOLUSDT,15m,LONG,REJECTED,no_trades_generated,,0.0,0.0,0.0,0,0,0,False,False
4fc1e1a445263e40b70132bdb0c529f8edc2c90758278494641f647a73e59d96,C,34ea97d13ffc34dfc2e49a7a38d96797c69831896a8392f250387c0421a44532,SOLUSDT,15m,SHORT,REJECTED,no_trades_generated,,0.0,0.0,0.0,0,0,0,False,False
94160f7d953b5f3a8a6a1a4a33ec090633a2c8c5939ad205e423a5be536be0ff,C,517368ee6a6cc139d44df3be437c810b54b7b6967bf848f50842db9f7c3bac30,BTCUSDT,15m,LONG,REJECTED,no_trades_generated,,0.0,0.0,0.0,0,0,0,False,False
df6b5067b7d127c9d62aff6ac25a1d3a526e9059e7bcc3d087f8fe093de88054,C,517368ee6a6cc139d44df3be437c810b54b7b6967bf848f50842db9f7c3bac30,BTCUSDT,15m,SHORT,REJECTED,no_trades_generated,,0.0,0.0,0.0,0,0,0,False,False
fee59da003a97fcfc9c98edae281433f89a39290246ce35d187258f0024e214e,C,517368ee6a6cc139d44df3be437c810b54b7b6967bf848f50842db9f7c3bac30,ETHUSDT,15m,LONG,REJECTED,no_trades_generated,,0.0,0.0,0.0,0,0,0,False,False
8248d1f83ee10d62cb2513ff3d700ba7aff64dc59b9096d389228ee028f348a9,C,517368ee6a6cc139d44df3be437c810b54b7b6967bf848f50842db9f7c3bac30,ETHUSDT,15m,SHORT,REJECTED,no_trades_generated,,0.0,0.0,0.0,0,0,0,False,False
7b1c0e2c6730463bca82aec375a50bb871233a41431cb5e554bbd1c70eeabb62,C,517368ee6a6cc139d44df3be437c810b54b7b6967bf848f50842db9f7c3bac30,SOLUSDT,15m,LONG,REJECTED,no_trades_generated,,0.0,0.0,0.0,0,0,0,False,False
909a469e8c3c742cbccb0870aa4ba97dfefae180a7fb7fb0c68e6cc0530ce308,C,517368ee6a6cc139d44df3be437c810b54b7b6967bf848f50842db9f7c3bac30,SOLUSDT,15m,SHORT,REJECTED,no_trades_generated,,0.0,0.0,0.0,0,0,0,False,False
513e92a7482abfd9203ddeb8dbfc998e893f676042ff62abd16c84bb2fa1c895,C,6e8ec0058d71099ee7356efc9acd49dc63173c1050433ffe8846f78e37b2ca9f,BTCUSDT,15m,LONG,REJECTED,no_trades_generated,,0.0,0.0,0.0,0,0,0,False,False
99bd964c0d22da6015894c8ac1c18846e623b54cc22d84a2d366e6dfb8dddcca,C,6e8ec0058d71099ee7356efc9acd49dc63173c1050433ffe8846f78e37b2ca9f,BTCUSDT,15m,SHORT,REJECTED,no_trades_generated,,0.0,0.0,0.0,0,0,0,False,False
a09f7b1faba09b03b42658560298683df7ac7d5fcdec79a58d681d392145b039,C,6e8ec0058d71099ee7356efc9acd49dc63173c1050433ffe8846f78e37b2ca9f,ETHUSDT,15m,LONG,REJECTED,no_trades_generated,,0.0,0.0,0.0,0,0,0,False,False
1a9fc54cc927b3c9fdf7f3b9374b079bc5089e5a094e9faaf21ad0934f831b13,C,6e8ec0058d71099ee7356efc9acd49dc63173c1050433ffe8846f78e37b2ca9f,ETHUSDT,15m,SHORT,REJECTED,no_trades_generated,,0.0,0.0,0.0,0,0,0,False,False
0f015fe47660b14d05aee806ec69466372fd4a671475c6ca92175eec40733948,C,6e8ec0058d71099ee7356efc9acd49dc63173c1050433ffe8846f78e37b2ca9f,SOLUSDT,15m,LONG,REJECTED,no_trades_generated,,0.0,0.0,0.0,0,0,0,False,False
51a798d4992ca0349377caec01795abb89a81d677221c11b0ac30a81efe09b26,C,6e8ec0058d71099ee7356efc9acd49dc63173c1050433ffe8846f78e37b2ca9f,SOLUSDT,15m,SHORT,REJECTED,no_trades_generated,,0.0,0.0,0.0,0,0,0,False,False
616ffb00efd4a8052f02058d6b5b721f6d2926b66e3694e8a4a5f70323eac952,C,306dd607eb667713284f18c3a0388d388478574a28b6210ae543773938203f11,BTCUSDT,15m,LONG,REJECTED,no_trades_generated,,0.0,0.0,0.0,0,0,0,False,False
db866a561ebdba2f09235a4d0da8cbf351f68e50172636554ed6ddae47d8b9b8,C,306dd607eb667713284f18c3a0388d388478574a28b6210ae543773938203f11,BTCUSDT,15m,SHORT,REJECTED,no_trades_generated,,0.0,0.0,0.0,0,0,0,False,False
d35e0cfb21a49bb95296b5b8303d5f158a7d0ded093aa2a37e74b55a8029097a,C,306dd607eb667713284f18c3a0388d388478574a28b6210ae543773938203f11,ETHUSDT,15m,LONG,REJECTED,no_trades_generated,,0.0,0.0,0.0,0,0,0,False,False
ec7cdefbec079f2651b89f183c46da87deff0f2feb5134307a1eeebb270af9c6,C,306dd607eb667713284f18c3a0388d388478574a28b6210ae543773938203f11,ETHUSDT,15m,SHORT,REJECTED,no_trades_generated,,0.0,0.0,0.0,0,0,0,False,False
e01742f828271147ea58c913c8d759545db2446fe9d8ea4b0ed98467cd18742e,C,306dd607eb667713284f18c3a0388d388478574a28b6210ae543773938203f11,SOLUSDT,15m,LONG,REJECTED,no_trades_generated,,0.0,0.0,0.0,0,0,0,False,False
93744f0a61807da8f1201cdbfc60c3895aa590bc71f2c7e56c2e41cbd9d67bd0,C,306dd607eb667713284f18c3a0388d388478574a28b6210ae543773938203f11,SOLUSDT,15m,SHORT,REJECTED,no_trades_generated,,0.0,0.0,0.0,0,0,0,False,False
80d8ec745c240bd8f672cfe7b90301c09e128d092b0eac8f6c141fcdecf00da0,D,47aa574d5a7dfc5b9e1ca128ad6f7f5142dc1c3c96ab507de7ec0f716c517e37,BTCUSDT,15m,LONG,REJECTED,no_trades_generated,,0.0,0.0,0.0,0,0,0,False,False
d09a3dfbdf0833032083edc5a96154d43ba86173eacbc9c28a822dae090e4700,D,47aa574d5a7dfc5b9e1ca128ad6f7f5142dc1c3c96ab507de7ec0f716c517e37,BTCUSDT,15m,SHORT,REJECTED,no_trades_generated,,0.0,0.0,0.0,0,0,0,False,False
2c06eb2cf422a70f6dc258b6da73763c681a0ace3815696009aadf73df9a2471,D,47aa574d5a7dfc5b9e1ca128ad6f7f5142dc1c3c96ab507de7ec0f716c517e37,ETHUSDT,15m,LONG,REJECTED,no_trades_generated,,0.0,0.0,0.0,0,0,0,False,False
6bba55ecdc37100e018b4409b936a5f50dc94f54b922cb9594528cee10db42b3,D,47aa574d5a7dfc5b9e1ca128ad6f7f5142dc1c3c96ab507de7ec0f716c517e37,ETHUSDT,15m,SHORT,REJECTED,no_trades_generated,,0.0,0.0,0.0,0,0,0,False,False
be5643a55342724dc0ffd270cc5a6eafe764b06fd2b537b7d1f9ed9e9cd5fdfa,D,47aa574d5a7dfc5b9e1ca128ad6f7f5142dc1c3c96ab507de7ec0f716c517e37,SOLUSDT,15m,LONG,REJECTED,no_trades_generated,,0.0,0.0,0.0,0,0,0,False,False
7a1487352e498212fd0c8eda8c22c7f58c220f94b1eb57affe5eefeadaead082,D,47aa574d5a7dfc5b9e1ca128ad6f7f5142dc1c3c96ab507de7ec0f716c517e37,SOLUSDT,15m,SHORT,REJECTED,no_trades_generated,,0.0,0.0,0.0,0,0,0,False,False
12096ec3201b7fbf7cc5e99e3840ce88ded57134379d8df027aed0186f456d48,D,ad69f55c7db26775e7d227c36c2a564efa5e2fd078bacd7976e6e8507ca1414a,BTCUSDT,15m,LONG,REJECTED,no_trades_generated,,0.0,0.0,0.0,0,0,0,False,False
facd9fa2d18787ab03f9bd02c03ea8c0bf6fc59a7a91ef6a5cbdf0d25e0f4a5b,D,ad69f55c7db26775e7d227c36c2a564efa5e2fd078bacd7976e6e8507ca1414a,BTCUSDT,15m,SHORT,REJECTED,no_trades_generated,,0.0,0.0,0.0,0,0,0,False,False
77cef59263c6c84321157704bf1f45b387009174b7f3dfb953be1058597adba6,D,ad69f55c7db26775e7d227c36c2a564efa5e2fd078bacd7976e6e8507ca1414a,ETHUSDT,15m,LONG,REJECTED,no_trades_generated,,0.0,0.0,0.0,0,0,0,False,False
de013c8ee70772d3c58f8970d91cc9c98b6ff1d47a896924ae984961eedfbe8a,D,ad69f55c7db26775e7d227c36c2a564efa5e2fd078bacd7976e6e8507ca1414a,ETHUSDT,15m,SHORT,REJECTED,no_trades_generated,,0.0,0.0,0.0,0,0,0,False,False
a116a81d5a32793deea7b2b8d70b138b21a016d1dda905cadea33d58750b7d40,D,ad69f55c7db26775e7d227c36c2a564efa5e2fd078bacd7976e6e8507ca1414a,SOLUSDT,15m,LONG,REJECTED,no_trades_generated,,0.0,0.0,0.0,0,0,0,False,False
e7b03e2e82dacd6c67e0a559048d57692f27b209064406d3c3a72712fe0654a4,D,ad69f55c7db26775e7d227c36c2a564efa5e2fd078bacd7976e6e8507ca1414a,SOLUSDT,15m,SHORT,REJECTED,no_trades_generated,,0.0,0.0,0.0,0,0,0,False,False
b921fe087db0a6dd926b43d19d369f2dc687ba9643ef118b6dbc680279256d07,D,de440d580da3581abeecd29fd0b4a7dc70636e7ff3c1747fa909b2318f932c18,BTCUSDT,15m,LONG,REJECTED,no_trades_generated,,0.0,0.0,0.0,0,0,0,False,False
c57824b722685d92135bd0236050fd67fd92d426ab921ba38f95f3b8fd233f5e,D,de440d580da3581abeecd29fd0b4a7dc70636e7ff3c1747fa909b2318f932c18,BTCUSDT,15m,SHORT,REJECTED,no_trades_generated,,0.0,0.0,0.0,0,0,0,False,False
bc1f07ac5cb01fe9d17a820f3582abd3aa7f39dda7c93add83e2b55363fcda1c,D,de440d580da3581abeecd29fd0b4a7dc70636e7ff3c1747fa909b2318f932c18,ETHUSDT,15m,LONG,REJECTED,no_trades_generated,,0.0,0.0,0.0,0,0,0,False,False
9a9599e79339df312ee2edbbec301c0f62a63c9b9509e9f50b20236ccef38226,D,de440d580da3581abeecd29fd0b4a7dc70636e7ff3c1747fa909b2318f932c18,ETHUSDT,15m,SHORT,REJECTED,no_trades_generated,,0.0,0.0,0.0,0,0,0,False,False
bf0056f4ae32e8f98f3804e18b30cff2d3257d96f277bf52ba8948534f440417,D,de440d580da3581abeecd29fd0b4a7dc70636e7ff3c1747fa909b2318f932c18,SOLUSDT,15m,LONG,REJECTED,no_trades_generated,,0.0,0.0,0.0,0,0,0,False,False
230f9ef4254bf25ffb78fea32186ac4675863e17245c1d0fe12a84b0bedfaab2,D,de440d580da3581abeecd29fd0b4a7dc70636e7ff3c1747fa909b2318f932c18,SOLUSDT,15m,SHORT,REJECTED,no_trades_generated,,0.0,0.0,0.0,0,0,0,False,False
bdc0b4149320a680df13f945bab10fb3091282da6eeef1b20dd58a0813e2b9e3,D,a94cfe622753e7837c2da35bacd043c5e2fc90dcaf3953e71da404f999ddb83a,BTCUSDT,15m,LONG,REJECTED,no_trades_generated,,0.0,0.0,0.0,0,0,0,False,False
81311159fdfb058123e8d5c16c74c21d5b58d1c8e02120af81e5c0ee8625ad31,D,a94cfe622753e7837c2da35bacd043c5e2fc90dcaf3953e71da404f999ddb83a,BTCUSDT,15m,SHORT,REJECTED,no_trades_generated,,0.0,0.0,0.0,0,0,0,False,False
ad598a32eef5648daa57582f823601eea138f702059c02e9a0a487a21b7092b1,D,a94cfe622753e7837c2da35bacd043c5e2fc90dcaf3953e71da404f999ddb83a,ETHUSDT,15m,LONG,REJECTED,no_trades_generated,,0.0,0.0,0.0,0,0,0,False,False
41c2f87e176491851488b316f31da66676bfaf50d6b9e1d4d58d51ad8269c375,D,a94cfe622753e7837c2da35bacd043c5e2fc90dcaf3953e71da404f999ddb83a,ETHUSDT,15m,SHORT,REJECTED,no_trades_generated,,0.0,0.0,0.0,0,0,0,False,False
f8c96176f965a7a06fdd40ac50b64bf3a52251a014ea0e65ebda7524e4a89556,D,a94cfe622753e7837c2da35bacd043c5e2fc90dcaf3953e71da404f999ddb83a,SOLUSDT,15m,LONG,REJECTED,no_trades_generated,,0.0,0.0,0.0,0,0,0,False,False
4ceb57c54f83ee69db0b8ec4cd2ae7a6abefcdc47ad224ffee71c2aed66a8af7,D,a94cfe622753e7837c2da35bacd043c5e2fc90dcaf3953e71da404f999ddb83a,SOLUSDT,15m,SHORT,REJECTED,no_trades_generated,,0.0,0.0,0.0,0,0,0,False,False
c7be42775dddf8f48ea1377303e7b78a6cd8a4e5aca256bb9bbb472a61f87358,D,7bbc57d2a73451245991d82cc22c7199296d4e90c7f99cd6c74ea57e5231b846,BTCUSDT,15m,LONG,REJECTED,no_trades_generated,,0.0,0.0,0.0,0,0,0,False,False
0e9f5534d3f404550715311109a53aa09a762e8254e8e2f37d4e1154bb226544,D,7bbc57d2a73451245991d82cc22c7199296d4e90c7f99cd6c74ea57e5231b846,BTCUSDT,15m,SHORT,REJECTED,no_trades_generated,,0.0,0.0,0.0,0,0,0,False,False
284db0bf0b55a79c025da748395d4e933d44fe5d140c989856ac1559b2a24749,D,7bbc57d2a73451245991d82cc22c7199296d4e90c7f99cd6c74ea57e5231b846,ETHUSDT,15m,LONG,REJECTED,no_trades_generated,,0.0,0.0,0.0,0,0,0,False,False
ad4295dc9ed653de278cd88dec1c4f0029983c8dfe4d7f57742f643de39ae3ef,D,7bbc57d2a73451245991d82cc22c7199296d4e90c7f99cd6c74ea57e5231b846,ETHUSDT,15m,SHORT,REJECTED,no_trades_generated,,0.0,0.0,0.0,0,0,0,False,False
15a1259ac52693b5d2e4e939a86eb8a1a56b0c9b4a5cf00c41de5edb207ef080,D,7bbc57d2a73451245991d82cc22c7199296d4e90c7f99cd6c74ea57e5231b846,SOLUSDT,15m,LONG,REJECTED,no_trades_generated,,0.0,0.0,0.0,0,0,0,False,False
c383fa57b791e5620b5c7c98ecc17d9cc295714a09d1827c02192a2c619eece9,D,7bbc57d2a73451245991d82cc22c7199296d4e90c7f99cd6c74ea57e5231b846,SOLUSDT,15m,SHORT,REJECTED,no_trades_generated,,0.0,0.0,0.0,0,0,0,False,False
8b03e51fc60eb68461011d7a5300dd324e97304e39a3ad5d9fcbcef4b24c8c35,D,927384a0676ab3e0dac92541d73733600d5c9cadf5bbd1896161fa29c9b8b684,BTCUSDT,15m,LONG,REJECTED,no_trades_generated,,0.0,0.0,0.0,0,0,0,False,False
eb99a2e3f02882e77e2a19858fd555254a67e3d05dd8df017115b40474bdcd91,D,927384a0676ab3e0dac92541d73733600d5c9cadf5bbd1896161fa29c9b8b684,BTCUSDT,15m,SHORT,REJECTED,no_trades_generated,,0.0,0.0,0.0,0,0,0,False,False
ddbd8773409523fe3f6670ad873c5dcaf7b39b6ad82ff3789ac823ce7af5f3ab,D,927384a0676ab3e0dac92541d73733600d5c9cadf5bbd1896161fa29c9b8b684,ETHUSDT,15m,LONG,REJECTED,no_trades_generated,,0.0,0.0,0.0,0,0,0,False,False
2022a680f797ac2ddce8031d8521dfe920abecb9814f07e40b3f43a6f3ff83ec,D,927384a0676ab3e0dac92541d73733600d5c9cadf5bbd1896161fa29c9b8b684,ETHUSDT,15m,SHORT,REJECTED,no_trades_generated,,0.0,0.0,0.0,0,0,0,False,False
bbb684f30781981595421b330fae158a4406a335caf200fec9b7ed4eb293a32d,D,927384a0676ab3e0dac92541d73733600d5c9cadf5bbd1896161fa29c9b8b684,SOLUSDT,15m,LONG,REJECTED,no_trades_generated,,0.0,0.0,0.0,0,0,0,False,False
6073a777b76e6f42fb961d414dcdefa0edbf1492102f07ddcb9814f016f56768,D,927384a0676ab3e0dac92541d73733600d5c9cadf5bbd1896161fa29c9b8b684,SOLUSDT,15m,SHORT,REJECTED,no_trades_generated,,0.0,0.0,0.0,0,0,0,False,False
640e6d16f1a05ef820718d4fb95b174637e66671b41a174cfaa1370598480343,D,144eabe0be78ee51fbf9769d8bf2375027eca022e9f19e3f15f3c29a6a9c0925,BTCUSDT,15m,LONG,REJECTED,no_trades_generated,,0.0,0.0,0.0,0,0,0,False,False
5777e1a80aadc54323e71c453362197dfc51880b5126ca7cd47422e31d7b49a1,D,144eabe0be78ee51fbf9769d8bf2375027eca022e9f19e3f15f3c29a6a9c0925,BTCUSDT,15m,SHORT,REJECTED,no_trades_generated,,0.0,0.0,0.0,0,0,0,False,False
b88b67f58ffc76f26da12aa4f3e017dd4fb875c2825a5b4122857086b9e33b14,D,144eabe0be78ee51fbf9769d8bf2375027eca022e9f19e3f15f3c29a6a9c0925,ETHUSDT,15m,LONG,REJECTED,no_trades_generated,,0.0,0.0,0.0,0,0,0,False,False
617bce1b71bd0c71c218a4a7434e7e8f6146730907a5da633daf757debeb9793,D,144eabe0be78ee51fbf9769d8bf2375027eca022e9f19e3f15f3c29a6a9c0925,ETHUSDT,15m,SHORT,REJECTED,no_trades_generated,,0.0,0.0,0.0,0,0,0,False,False
7203a9a6d8059a511fc4c528e9608ef45787f320f9a2a78c5579a48d7c425432,D,144eabe0be78ee51fbf9769d8bf2375027eca022e9f19e3f15f3c29a6a9c0925,SOLUSDT,15m,LONG,REJECTED,no_trades_generated,,0.0,0.0,0.0,0,0,0,False,False
63cb77c97c7273ab7dd43cb09048bee045dc03313bae7231191123ea95b5f038,D,144eabe0be78ee51fbf9769d8bf2375027eca022e9f19e3f15f3c29a6a9c0925,SOLUSDT,15m,SHORT,REJECTED,no_trades_generated,,0.0,0.0,0.0,0,0,0,False,False
519ed8ce56ba77eb7d6982f0cb3855b3985473fc54404756b5ec54e6803d464f,D,5da0e8d9dee35c9c606390ce67ea712becd992be31fd912ce897d528cb7e7b3e,BTCUSDT,15m,LONG,REJECTED,no_trades_generated,,0.0,0.0,0.0,0,0,0,False,False
d79dc5df3421c3c4c48250022fb5c9fa29d3fb5fafaea086333f48dd772930ec,D,5da0e8d9dee35c9c606390ce67ea712becd992be31fd912ce897d528cb7e7b3e,BTCUSDT,15m,SHORT,REJECTED,no_trades_generated,,0.0,0.0,0.0,0,0,0,False,False
9b747ed5480829268833d1cacb53832393794e2cc342566411977439bac2acf7,D,5da0e8d9dee35c9c606390ce67ea712becd992be31fd912ce897d528cb7e7b3e,ETHUSDT,15m,LONG,REJECTED,no_trades_generated,,0.0,0.0,0.0,0,0,0,False,False
acbbc364048098b1aa6150b6c802d51f126f80169b37bd632db5382213d572fd,D,5da0e8d9dee35c9c606390ce67ea712becd992be31fd912ce897d528cb7e7b3e,ETHUSDT,15m,SHORT,REJECTED,no_trades_generated,,0.0,0.0,0.0,0,0,0,False,False
e19d2cd3428bbe3ece32b4fa40a284885d521b01f32b6c84627de4f1555a09a7,D,5da0e8d9dee35c9c606390ce67ea712becd992be31fd912ce897d528cb7e7b3e,SOLUSDT,15m,LONG,REJECTED,no_trades_generated,,0.0,0.0,0.0,0,0,0,False,False
986963db183d4c76ea522ce1cd65a79f873afe3e2ff2af887cd3dd1dda97bb6b,D,5da0e8d9dee35c9c606390ce67ea712becd992be31fd912ce897d528cb7e7b3e,SOLUSDT,15m,SHORT,REJECTED,no_trades_generated,,0.0,0.0,0.0,0,0,0,False,False
7228a76795f019b374e5243e71a451061526819708751b92cd489fad402827d9,D,59393aec833511334fbc9399bb5e296d9d1b764cbd2eed49fc93e73030fe6a6c,BTCUSDT,15m,LONG,REJECTED,no_trades_generated,,0.0,0.0,0.0,0,0,0,False,False
cf1df387d27f67e70ff18a0a52fce23ddf8aa8a0134b973b4c31cfcdf1c754f9,D,59393aec833511334fbc9399bb5e296d9d1b764cbd2eed49fc93e73030fe6a6c,BTCUSDT,15m,SHORT,REJECTED,no_trades_generated,,0.0,0.0,0.0,0,0,0,False,False
f2aa7ac8343c67b3948598200a9c02a4570d895e7cbea415bc60e639154e5839,D,59393aec833511334fbc9399bb5e296d9d1b764cbd2eed49fc93e73030fe6a6c,ETHUSDT,15m,LONG,REJECTED,no_trades_generated,,0.0,0.0,0.0,0,0,0,False,False
c88589c73e1e04a8bcb296f80045ff765fd89f5cde26e9131254922f27b83fe0,D,59393aec833511334fbc9399bb5e296d9d1b764cbd2eed49fc93e73030fe6a6c,ETHUSDT,15m,SHORT,REJECTED,no_trades_generated,,0.0,0.0,0.0,0,0,0,False,False
5afe936946a00643c0ed8a669622a31dccfbd126e5acae46ba614a31112a54b7,D,59393aec833511334fbc9399bb5e296d9d1b764cbd2eed49fc93e73030fe6a6c,SOLUSDT,15m,LONG,REJECTED,no_trades_generated,,0.0,0.0,0.0,0,0,0,False,False
3cb186ef726e026f8c93ce91b286f77cac04f6129de82ca61620c729156ab9d8,D,59393aec833511334fbc9399bb5e296d9d1b764cbd2eed49fc93e73030fe6a6c,SOLUSDT,15m,SHORT,REJECTED,no_trades_generated,,0.0,0.0,0.0,0,0,0,False,False
9033f3fa9cfcb6f6b650a15efebe9c4668a4a73757341af624c690a51d01cbbe,D,e202f39a733f674fb4a604983280faa44b499b6cf0a9b98c85237e1a4a6c63dc,BTCUSDT,15m,LONG,REJECTED,no_trades_generated,,0.0,0.0,0.0,0,0,0,False,False
2fca04a5bb6647c05fd4f4588fe44b508a8dfcd3f9b78a12917f98d866c955f2,D,e202f39a733f674fb4a604983280faa44b499b6cf0a9b98c85237e1a4a6c63dc,BTCUSDT,15m,SHORT,REJECTED,no_trades_generated,,0.0,0.0,0.0,0,0,0,False,False
7642cdf28966d54977bb13faf4c5c0a37278d63e56c43321ff1e900e48748b84,D,e202f39a733f674fb4a604983280faa44b499b6cf0a9b98c85237e1a4a6c63dc,ETHUSDT,15m,LONG,REJECTED,no_trades_generated,,0.0,0.0,0.0,0,0,0,False,False
287957cc19686cb38d297f9ec4d06b7ebc7cba0f329ac9253dfe8ea49fbf4837,D,e202f39a733f674fb4a604983280faa44b499b6cf0a9b98c85237e1a4a6c63dc,ETHUSDT,15m,SHORT,REJECTED,no_trades_generated,,0.0,0.0,0.0,0,0,0,False,False
5b42476c5ac4b349cb89be85898767f6b59b6066d2064fa7cf032023f035ceba,D,e202f39a733f674fb4a604983280faa44b499b6cf0a9b98c85237e1a4a6c63dc,SOLUSDT,15m,LONG,REJECTED,no_trades_generated,,0.0,0.0,0.0,0,0,0,False,False
6a55548be11e7c352400f8eabfae8908562b1371539e6d3612bf468507d2c8ed,D,e202f39a733f674fb4a604983280faa44b499b6cf0a9b98c85237e1a4a6c63dc,SOLUSDT,15m,SHORT,REJECTED,no_trades_generated,,0.0,0.0,0.0,0,0,0,False,False
8e79aa689559e173f085d65d45721fc30eddc5b14f14de60c8e7f8f70861ba09,D,ee13aa71356543c55708f85ba2624ffae1d814a8b8ce38ff1bce7815a6ca4f76,BTCUSDT,15m,LONG,REJECTED,no_trades_generated,,0.0,0.0,0.0,0,0,0,False,False
69aa3cb3802f399ab3f5c1e33a1ad58bb540cc0286abd64d3f8165c9e9d8686e,D,ee13aa71356543c55708f85ba2624ffae1d814a8b8ce38ff1bce7815a6ca4f76,BTCUSDT,15m,SHORT,REJECTED,no_trades_generated,,0.0,0.0,0.0,0,0,0,False,False
6013c8a75f982c3fa07e28c1a650723eab90e9943fcf1837cc956c6954f8fb64,D,ee13aa71356543c55708f85ba2624ffae1d814a8b8ce38ff1bce7815a6ca4f76,ETHUSDT,15m,LONG,REJECTED,no_trades_generated,,0.0,0.0,0.0,0,0,0,False,False
d422c437c6934aad4b73fb1712f1d16a5f86089d1fa55096721184ffb1464948,D,ee13aa71356543c55708f85ba2624ffae1d814a8b8ce38ff1bce7815a6ca4f76,ETHUSDT,15m,SHORT,REJECTED,no_trades_generated,,0.0,0.0,0.0,0,0,0,False,False
b5eb147e0405bef08b76286c4850094720c28e518da773d2473be8d8150b91f4,D,ee13aa71356543c55708f85ba2624ffae1d814a8b8ce38ff1bce7815a6ca4f76,SOLUSDT,15m,LONG,REJECTED,no_trades_generated,,0.0,0.0,0.0,0,0,0,False,False
75116981931876eaaf6c3613b8125bbb287fa83ff247305f4f092c9b835c5f67,D,ee13aa71356543c55708f85ba2624ffae1d814a8b8ce38ff1bce7815a6ca4f76,SOLUSDT,15m,SHORT,REJECTED,no_trades_generated,,0.0,0.0,0.0,0,0,0,False,False
bd3347e9473754637b593d8fbe973eb902a53acb8d68faf9f0c7fef994da2758,D,c7dddb96dea5630e93596c0f86c20c9aba95baeeb09d1d5f838a89e1dc413d81,BTCUSDT,15m,LONG,REJECTED,no_trades_generated,,0.0,0.0,0.0,0,0,0,False,False
40043f638f9813b38df9aef96e96ac3c34a6c3bfed7a24707a695951661a1d52,D,c7dddb96dea5630e93596c0f86c20c9aba95baeeb09d1d5f838a89e1dc413d81,BTCUSDT,15m,SHORT,REJECTED,no_trades_generated,,0.0,0.0,0.0,0,0,0,False,False
15a8dfd7fcea8d32509524014c3cca911987c637ac236802d0003493818153c7,D,c7dddb96dea5630e93596c0f86c20c9aba95baeeb09d1d5f838a89e1dc413d81,ETHUSDT,15m,LONG,REJECTED,no_trades_generated,,0.0,0.0,0.0,0,0,0,False,False
8ef12b1fc46668930c886f237e6b891b9650818fed492c5827a8ebcb011578b7,D,c7dddb96dea5630e93596c0f86c20c9aba95baeeb09d1d5f838a89e1dc413d81,ETHUSDT,15m,SHORT,REJECTED,no_trades_generated,,0.0,0.0,0.0,0,0,0,False,False
6c9442d4fc1e012c0d9bbea39563478f1ef1ffcdc2b89d5541471334c78ef178,D,c7dddb96dea5630e93596c0f86c20c9aba95baeeb09d1d5f838a89e1dc413d81,SOLUSDT,15m,LONG,REJECTED,no_trades_generated,,0.0,0.0,0.0,0,0,0,False,False
ed301bc877ef4fdd89163fb975fd1765ca789c08777a6ff430ddf7c73353a769,D,c7dddb96dea5630e93596c0f86c20c9aba95baeeb09d1d5f838a89e1dc413d81,SOLUSDT,15m,SHORT,REJECTED,no_trades_generated,,0.0,0.0,0.0,0,0,0,False,False
dab72925c225648d26997bb1e4fecff0a4bf656913fa26573e800c4aa368c198,D,293ac30a6fc5eacb537c2b182ea92923e123eb4834580a4ed7be7a29ed6640ae,BTCUSDT,15m,LONG,REJECTED,no_trades_generated,,0.0,0.0,0.0,0,0,0,False,False
d8ee22333979beadd21d1e37d2c298a0436403ba1b608e156b43962bcd1cc328,D,293ac30a6fc5eacb537c2b182ea92923e123eb4834580a4ed7be7a29ed6640ae,BTCUSDT,15m,SHORT,REJECTED,no_trades_generated,,0.0,0.0,0.0,0,0,0,False,False
df371d15050e8386885ad67e44635fb79ec7874c1f399832ede9c9567c8cb563,D,293ac30a6fc5eacb537c2b182ea92923e123eb4834580a4ed7be7a29ed6640ae,ETHUSDT,15m,LONG,REJECTED,no_trades_generated,,0.0,0.0,0.0,0,0,0,False,False
fdb2c59e5825381d6c44d73b9756cdc10512110b7c9fce6965e18a9d6de26b40,D,293ac30a6fc5eacb537c2b182ea92923e123eb4834580a4ed7be7a29ed6640ae,ETHUSDT,15m,SHORT,REJECTED,no_trades_generated,,0.0,0.0,0.0,0,0,0,False,False
8f34298ddf9c6d770a450f24548f536f081a48564d8780ffc0dc4b093fb4b9c6,D,293ac30a6fc5eacb537c2b182ea92923e123eb4834580a4ed7be7a29ed6640ae,SOLUSDT,15m,LONG,REJECTED,no_trades_generated,,0.0,0.0,0.0,0,0,0,False,False
bdd9e21d24c904b6d15ad103e8c05fee1ba488d9697e0689ff7e9a718b18774f,D,293ac30a6fc5eacb537c2b182ea92923e123eb4834580a4ed7be7a29ed6640ae,SOLUSDT,15m,SHORT,REJECTED,no_trades_generated,,0.0,0.0,0.0,0,0,0,False,False
18fd29832a583d22e1646caffbc8894065ccc822765067a6b93a7af3997d3e24,D,e1f2de134bd43d5323dc55e00050193d94569eb3b331deda223f4689fcab80ea,BTCUSDT,15m,LONG,REJECTED,no_trades_generated,,0.0,0.0,0.0,0,0,0,False,False
a55f2f2ba9d17281c7625e2418f20c39dff2b0d993444071bea8b89dfedcdfb9,D,e1f2de134bd43d5323dc55e00050193d94569eb3b331deda223f4689fcab80ea,BTCUSDT,15m,SHORT,REJECTED,no_trades_generated,,0.0,0.0,0.0,0,0,0,False,False
9690973856da80d2a98919952ecb317787e5895ed55db87c91bc92300e3a9933,D,e1f2de134bd43d5323dc55e00050193d94569eb3b331deda223f4689fcab80ea,ETHUSDT,15m,LONG,REJECTED,no_trades_generated,,0.0,0.0,0.0,0,0,0,False,False
e9d16d0e77c8ab2087a176ed0ecb36d3a57d11a0c80670cfe88e1bb441e19f5b,D,e1f2de134bd43d5323dc55e00050193d94569eb3b331deda223f4689fcab80ea,ETHUSDT,15m,SHORT,REJECTED,no_trades_generated,,0.0,0.0,0.0,0,0,0,False,False
8a65027e8e57a3e63bc36ea7c3ff332281f6f95a178e978ae2404c0f8c648537,D,e1f2de134bd43d5323dc55e00050193d94569eb3b331deda223f4689fcab80ea,SOLUSDT,15m,LONG,REJECTED,no_trades_generated,,0.0,0.0,0.0,0,0,0,False,False
76c9596b8d27af83c453f511dbdbcef38df217d7498d9e519f23ed7e2027c7e5,D,e1f2de134bd43d5323dc55e00050193d94569eb3b331deda223f4689fcab80ea,SOLUSDT,15m,SHORT,REJECTED,no_trades_generated,,0.0,0.0,0.0,0,0,0,False,False
b860e13d992c043ed2c05865b36e45baf00d1890b1d011da84fc29d849bb33a5,D,2282217324fc0c28041284fffeceba5971c8d77920ca351d3c6f702edfa1e59f,BTCUSDT,15m,LONG,REJECTED,no_trades_generated,,0.0,0.0,0.0,0,0,0,False,False
607e48287d03bbd6b21d7a66a1c35337312f69685ffd9e43fb6f8b52d12b84b7,D,2282217324fc0c28041284fffeceba5971c8d77920ca351d3c6f702edfa1e59f,BTCUSDT,15m,SHORT,REJECTED,no_trades_generated,,0.0,0.0,0.0,0,0,0,False,False
ff6e115d899698101d18bbb6e4d7c13759d1efb312969097dd662f3c7181b5f3,D,2282217324fc0c28041284fffeceba5971c8d77920ca351d3c6f702edfa1e59f,ETHUSDT,15m,LONG,REJECTED,no_trades_generated,,0.0,0.0,0.0,0,0,0,False,False
963dffd80e42a170822d21d09ae8097de093c09ebbea272c92181a2d154067c6,D,2282217324fc0c28041284fffeceba5971c8d77920ca351d3c6f702edfa1e59f,ETHUSDT,15m,SHORT,REJECTED,no_trades_generated,,0.0,0.0,0.0,0,0,0,False,False
5a61ab48f90344b2fd8944d171c6fece361e9104d732997f4961a6ef0b856946,D,2282217324fc0c28041284fffeceba5971c8d77920ca351d3c6f702edfa1e59f,SOLUSDT,15m,LONG,REJECTED,no_trades_generated,,0.0,0.0,0.0,0,0,0,False,False
e3137cc9863e17c62b26ce071ee8a0a4d890ac444aa60b0e13cf2310d97bb198,D,2282217324fc0c28041284fffeceba5971c8d77920ca351d3c6f702edfa1e59f,SOLUSDT,15m,SHORT,REJECTED,no_trades_generated,,0.0,0.0,0.0,0,0,0,False,False
88d5c0e02d12d27a989bbb4d728ea1cce6a459b3235b7485714ae9bbf7918eab,D,ae1dc550554251bdc986f694825c9f4f9b34dd71f3b03d576310f70515f63d22,BTCUSDT,15m,LONG,REJECTED,no_trades_generated,,0.0,0.0,0.0,0,0,0,False,False
c97889c257f35f2b1ed2c640926edb74681bdb692af902b45882db9d592c7bf5,D,ae1dc550554251bdc986f694825c9f4f9b34dd71f3b03d576310f70515f63d22,BTCUSDT,15m,SHORT,REJECTED,no_trades_generated,,0.0,0.0,0.0,0,0,0,False,False
691283e1585a0791196ac9f7b7a1ad57649d6ef64edfd11303e26c5944513996,D,ae1dc550554251bdc986f694825c9f4f9b34dd71f3b03d576310f70515f63d22,ETHUSDT,15m,LONG,REJECTED,no_trades_generated,,0.0,0.0,0.0,0,0,0,False,False
bbe73958dc13509f4f89e29923d0e52872d1ee0d6505a01535e2dd56bb88ced2,D,ae1dc550554251bdc986f694825c9f4f9b34dd71f3b03d576310f70515f63d22,ETHUSDT,15m,SHORT,REJECTED,no_trades_generated,,0.0,0.0,0.0,0,0,0,False,False
017d48637beafd67b55e11817619285c794f5a20493d44066ab05464c95758cb,D,ae1dc550554251bdc986f694825c9f4f9b34dd71f3b03d576310f70515f63d22,SOLUSDT,15m,LONG,REJECTED,no_trades_generated,,0.0,0.0,0.0,0,0,0,False,False
46cea51dfa92fa5c90766f89fcbca63afc4e40177e42f8f568dc52eb7ef064a3,D,ae1dc550554251bdc986f694825c9f4f9b34dd71f3b03d576310f70515f63d22,SOLUSDT,15m,SHORT,REJECTED,no_trades_generated,,0.0,0.0,0.0,0,0,0,False,False
ae71f40cae51ed0147acbf7dc6416a67dfef0bc0580e876789be9d8ffc97b1e4,D,c27c953ffad4aa6c69180e8268ba29a3c3d8776bb946dad81e4a8d6f58325177,BTCUSDT,15m,LONG,REJECTED,no_trades_generated,,0.0,0.0,0.0,0,0,0,False,False
013419a76346f4ae89d1f1e5fd6c24f51273ab5d1ab82524fc561078f378cd67,D,c27c953ffad4aa6c69180e8268ba29a3c3d8776bb946dad81e4a8d6f58325177,BTCUSDT,15m,SHORT,REJECTED,no_trades_generated,,0.0,0.0,0.0,0,0,0,False,False
acf4107dcdc8bd580a26ee7acdb1172feaf31ff61ddfc8131a0d4c5957b2a789,D,c27c953ffad4aa6c69180e8268ba29a3c3d8776bb946dad81e4a8d6f58325177,ETHUSDT,15m,LONG,REJECTED,no_trades_generated,,0.0,0.0,0.0,0,0,0,False,False
ee9206a18396d21276ebdd2284d4e6f4a013c6046c6a6a140913af881b76d753,D,c27c953ffad4aa6c69180e8268ba29a3c3d8776bb946dad81e4a8d6f58325177,ETHUSDT,15m,SHORT,REJECTED,no_trades_generated,,0.0,0.0,0.0,0,0,0,False,False
7ea64bfea5c198863731e7272999e986718e3f142b2984f4ba19ad201ca374fc,D,c27c953ffad4aa6c69180e8268ba29a3c3d8776bb946dad81e4a8d6f58325177,SOLUSDT,15m,LONG,REJECTED,no_trades_generated,,0.0,0.0,0.0,0,0,0,False,False
ab4b7c69347d681b8f4f81ffad700d653db9613bbd2e62c495b289b72636911c,D,c27c953ffad4aa6c69180e8268ba29a3c3d8776bb946dad81e4a8d6f58325177,SOLUSDT,15m,SHORT,REJECTED,no_trades_generated,,0.0,0.0,0.0,0,0,0,False,False
b1f1f1d710e52deb70796709e4da84888c62bd90fd4e4b98fb00514eec54ac2e,D,0578b57bfcc0ea3cb97527865ebb55baa72a8d618a1475f20bce15a5ddb95085,BTCUSDT,15m,LONG,REJECTED,no_trades_generated,,0.0,0.0,0.0,0,0,0,False,False
82d7ee8e662d6dc81715dc3db7520ea3a7d25b3bf0449146987a63f8e74b07df,D,0578b57bfcc0ea3cb97527865ebb55baa72a8d618a1475f20bce15a5ddb95085,BTCUSDT,15m,SHORT,REJECTED,no_trades_generated,,0.0,0.0,0.0,0,0,0,False,False
727d5be31519110ddf09b648bb74ce9edde5369c0a83354d03ee671f16e486c1,D,0578b57bfcc0ea3cb97527865ebb55baa72a8d618a1475f20bce15a5ddb95085,ETHUSDT,15m,LONG,REJECTED,no_trades_generated,,0.0,0.0,0.0,0,0,0,False,False
ef41460c8107aa43afe1d407a716f88e6337b7575497d4a96eec64d09a72be64,D,0578b57bfcc0ea3cb97527865ebb55baa72a8d618a1475f20bce15a5ddb95085,ETHUSDT,15m,SHORT,REJECTED,no_trades_generated,,0.0,0.0,0.0,0,0,0,False,False
183c02f0212b3763799bdeeb174738b9232f6f6faabaf2dad1eebc59ebfef4e6,D,0578b57bfcc0ea3cb97527865ebb55baa72a8d618a1475f20bce15a5ddb95085,SOLUSDT,15m,LONG,REJECTED,no_trades_generated,,0.0,0.0,0.0,0,0,0,False,False
9383271f05c4e561ed81717db7c9eae137af00932237cbc2e2606c4e269a98e9,D,0578b57bfcc0ea3cb97527865ebb55baa72a8d618a1475f20bce15a5ddb95085,SOLUSDT,15m,SHORT,REJECTED,no_trades_generated,,0.0,0.0,0.0,0,0,0,False,False
ee3d5d67f1ef6d08fe49982a9b5d7a57de2713bb8f7bd20ea220ba88772d7141,D,33d4fa7e9f8693d68ffdfc50dc1014f19dcac9900e7af096ca61027b9eaca2db,BTCUSDT,15m,LONG,REJECTED,no_trades_generated,,0.0,0.0,0.0,0,0,0,False,False
0fcd17b89aca79da4115648dc0d3bb7a6ee2d1936201ef247504bb9a8c54aebc,D,33d4fa7e9f8693d68ffdfc50dc1014f19dcac9900e7af096ca61027b9eaca2db,BTCUSDT,15m,SHORT,REJECTED,no_trades_generated,,0.0,0.0,0.0,0,0,0,False,False
2c38bbbce53f0a06360cc9b9447c795f7c52278da7c84e38a2178adaa17725f7,D,33d4fa7e9f8693d68ffdfc50dc1014f19dcac9900e7af096ca61027b9eaca2db,ETHUSDT,15m,LONG,REJECTED,no_trades_generated,,0.0,0.0,0.0,0,0,0,False,False
66c6b413921ddecae5e94dff9fe23fecca520bd870a62debfba29611c86d3f37,D,33d4fa7e9f8693d68ffdfc50dc1014f19dcac9900e7af096ca61027b9eaca2db,ETHUSDT,15m,SHORT,REJECTED,no_trades_generated,,0.0,0.0,0.0,0,0,0,False,False
787873a7c4d6a13e56e8331e8f4c59dcaa5976e6ddfc8c6bdcc8881ddd24d55c,D,33d4fa7e9f8693d68ffdfc50dc1014f19dcac9900e7af096ca61027b9eaca2db,SOLUSDT,15m,LONG,REJECTED,no_trades_generated,,0.0,0.0,0.0,0,0,0,False,False
c6888ce4b4c447ff45fa224d2b38ad4d03e62871d29ff1b0eab5000c6bf64d93,D,33d4fa7e9f8693d68ffdfc50dc1014f19dcac9900e7af096ca61027b9eaca2db,SOLUSDT,15m,SHORT,REJECTED,no_trades_generated,,0.0,0.0,0.0,0,0,0,False,False
90b2853ac8b6c2416c714249e6eb6ef2cf9c9f32a94d75e96e237d61ad6571f6,D,f9395106349a48666a1f7f9d00a5a6cffac34ac6f8c4716fcc2cd6d60574db26,BTCUSDT,15m,LONG,REJECTED,no_trades_generated,,0.0,0.0,0.0,0,0,0,False,False
edbb14895cf525fb448b540e3461106b9666dc21d48d8198205846889d738706,D,f9395106349a48666a1f7f9d00a5a6cffac34ac6f8c4716fcc2cd6d60574db26,BTCUSDT,15m,SHORT,REJECTED,no_trades_generated,,0.0,0.0,0.0,0,0,0,False,False
84986471ad4bc4567be2dd02598217e028a2e2ae2597443ba2ad458c34af2662,D,f9395106349a48666a1f7f9d00a5a6cffac34ac6f8c4716fcc2cd6d60574db26,ETHUSDT,15m,LONG,REJECTED,no_trades_generated,,0.0,0.0,0.0,0,0,0,False,False
593afcc95d14b48528facd6a2f7aacdec8ee7d34962944b558d22764ec3987c0,D,f9395106349a48666a1f7f9d00a5a6cffac34ac6f8c4716fcc2cd6d60574db26,ETHUSDT,15m,SHORT,REJECTED,no_trades_generated,,0.0,0.0,0.0,0,0,0,False,False
fd4a29ea4609df2dff952eed132105189e85e517cd4d43eaa66624b9bc15ca00,D,f9395106349a48666a1f7f9d00a5a6cffac34ac6f8c4716fcc2cd6d60574db26,SOLUSDT,15m,LONG,REJECTED,no_trades_generated,,0.0,0.0,0.0,0,0,0,False,False
e5b25bf1d5d8b4468413e07259bac6f98a4c94c108a5c3ded8afc04937f97e13,D,f9395106349a48666a1f7f9d00a5a6cffac34ac6f8c4716fcc2cd6d60574db26,SOLUSDT,15m,SHORT,REJECTED,no_trades_generated,,0.0,0.0,0.0,0,0,0,False,False
d3e91304fb5070836151cbc946c4bf6475d6dae71933aeb8029bbda487e33d21,D,cdba184828cde76f8ca470d029a78864a2341a5776c3f27095058d2319d4eb17,BTCUSDT,15m,LONG,REJECTED,no_trades_generated,,0.0,0.0,0.0,0,0,0,False,False
d604ceafd34854edf0b92fba98e0462c7f44f7a99ccc8bc0568be8b28cd4dae3,D,cdba184828cde76f8ca470d029a78864a2341a5776c3f27095058d2319d4eb17,BTCUSDT,15m,SHORT,REJECTED,no_trades_generated,,0.0,0.0,0.0,0,0,0,False,False
17408808bcf03ab512160eeed5056a207b9d819b5fcb09ef09a4f2cd30581310,D,cdba184828cde76f8ca470d029a78864a2341a5776c3f27095058d2319d4eb17,ETHUSDT,15m,LONG,REJECTED,no_trades_generated,,0.0,0.0,0.0,0,0,0,False,False
efe64e866afac72d7aa29b924cedf3a70e08c7b05edb0f98164752335d5a83dd,D,cdba184828cde76f8ca470d029a78864a2341a5776c3f27095058d2319d4eb17,ETHUSDT,15m,SHORT,REJECTED,no_trades_generated,,0.0,0.0,0.0,0,0,0,False,False
2006bdfaddd655e54cbd1f516c9339e473b171d21c4f580c9128db50e8734a62,D,cdba184828cde76f8ca470d029a78864a2341a5776c3f27095058d2319d4eb17,SOLUSDT,15m,LONG,REJECTED,no_trades_generated,,0.0,0.0,0.0,0,0,0,False,False
f81d9bf89741d9f2eb24da87e29273d0e20b8d4f1a4bf89b5730ffac115f9cd4,D,cdba184828cde76f8ca470d029a78864a2341a5776c3f27095058d2319d4eb17,SOLUSDT,15m,SHORT,REJECTED,no_trades_generated,,0.0,0.0,0.0,0,0,0,False,False
3d18b076f2c791973f30a37b14040ff922cc0f63749e597ef808873845d57c72,D,cbd754684882604d0c9a85fc743d9890e194eaae29a4939c5e3bf6ef2e1017b0,BTCUSDT,15m,LONG,REJECTED,no_trades_generated,,0.0,0.0,0.0,0,0,0,False,False
78205b4e6401417fcbbe9fb19bd987724e5124c0c248235f73ccecd38dbc664e,D,cbd754684882604d0c9a85fc743d9890e194eaae29a4939c5e3bf6ef2e1017b0,BTCUSDT,15m,SHORT,REJECTED,no_trades_generated,,0.0,0.0,0.0,0,0,0,False,False
82e8b703973318f54d4ea9a9143c3b91f695bda11f85592cc2b15ec41421bd83,D,cbd754684882604d0c9a85fc743d9890e194eaae29a4939c5e3bf6ef2e1017b0,ETHUSDT,15m,LONG,REJECTED,no_trades_generated,,0.0,0.0,0.0,0,0,0,False,False
18a98f0f1a6828f14c0e3b28b4a2c2a10952149e2ae0f93a9f8e512e98c07888,D,cbd754684882604d0c9a85fc743d9890e194eaae29a4939c5e3bf6ef2e1017b0,ETHUSDT,15m,SHORT,REJECTED,no_trades_generated,,0.0,0.0,0.0,0,0,0,False,False
265527167de0531a842e6eb49e0276fad3d1368aa4a53d5be181578af2b8dbca,D,cbd754684882604d0c9a85fc743d9890e194eaae29a4939c5e3bf6ef2e1017b0,SOLUSDT,15m,LONG,REJECTED,no_trades_generated,,0.0,0.0,0.0,0,0,0,False,False
60b4ebc5500ce12e39c5af1692d45885fa8d897f9ad555b5dfc717dffe080c7f,D,cbd754684882604d0c9a85fc743d9890e194eaae29a4939c5e3bf6ef2e1017b0,SOLUSDT,15m,SHORT,REJECTED,no_trades_generated,,0.0,0.0,0.0,0,0,0,False,False
3b69c74511df1e0dcacb74de54e9ca41b33709e97e39e60c993589da099e2917,D,f83a711d44a4447a51525ee8724bde44c00e90879fdad36bf07ac512e9ab7d1d,BTCUSDT,15m,LONG,REJECTED,no_trades_generated,,0.0,0.0,0.0,0,0,0,False,False
9920d7c82a2bcb7c6aa7713d35b82702efd28be174448b2b649f9c135595ba73,D,f83a711d44a4447a51525ee8724bde44c00e90879fdad36bf07ac512e9ab7d1d,BTCUSDT,15m,SHORT,REJECTED,no_trades_generated,,0.0,0.0,0.0,0,0,0,False,False
83df4fd73d0ac187552ad476e9adbcce0fc20e35fbfef1de67d8c111ad9af792,D,f83a711d44a4447a51525ee8724bde44c00e90879fdad36bf07ac512e9ab7d1d,ETHUSDT,15m,LONG,REJECTED,no_trades_generated,,0.0,0.0,0.0,0,0,0,False,False
202b60994db8f16a75e887770658990517d75abc14fb17e2b980d1fd8f1454d5,D,f83a711d44a4447a51525ee8724bde44c00e90879fdad36bf07ac512e9ab7d1d,ETHUSDT,15m,SHORT,REJECTED,no_trades_generated,,0.0,0.0,0.0,0,0,0,False,False
9554a0c5187851c3b284e366b5784ed7ee5246fbcf80fb80708b2b79dbab2e26,D,f83a711d44a4447a51525ee8724bde44c00e90879fdad36bf07ac512e9ab7d1d,SOLUSDT,15m,LONG,REJECTED,no_trades_generated,,0.0,0.0,0.0,0,0,0,False,False
a8e99279440975dff87d9487df15901610aeb528de12cdf6a877a8ffb30b5b33,D,f83a711d44a4447a51525ee8724bde44c00e90879fdad36bf07ac512e9ab7d1d,SOLUSDT,15m,SHORT,REJECTED,no_trades_generated,,0.0,0.0,0.0,0,0,0,False,False
e9814efefeac6961c7fcbe275a59741671b0bd1da2abee7105e9577434737a2a,D,10277ea90594ddcb5defb959f422131a7f47387d161ef4ec35156d67a165ce48,BTCUSDT,15m,LONG,REJECTED,no_trades_generated,,0.0,0.0,0.0,0,0,0,False,False
e486b4b40d1aa75b4e29347db1b3895330c819caeb60c9460d0b947d81af05a0,D,10277ea90594ddcb5defb959f422131a7f47387d161ef4ec35156d67a165ce48,BTCUSDT,15m,SHORT,REJECTED,no_trades_generated,,0.0,0.0,0.0,0,0,0,False,False
17ee77cf9369da8f0a73275e262026b36fd58e4fa13ff9fa5e3618b44b60c171,D,10277ea90594ddcb5defb959f422131a7f47387d161ef4ec35156d67a165ce48,ETHUSDT,15m,LONG,REJECTED,no_trades_generated,,0.0,0.0,0.0,0,0,0,False,False
911d2a3d55d4758a9c23e270fcb71acf97f36c4f23b83bba7900c1bd789f2950,D,10277ea90594ddcb5defb959f422131a7f47387d161ef4ec35156d67a165ce48,ETHUSDT,15m,SHORT,REJECTED,no_trades_generated,,0.0,0.0,0.0,0,0,0,False,False
1f216a3fa0f2554d4cc54784cda94c2afbcc39efa9807b459fcc2919b8493071,D,10277ea90594ddcb5defb959f422131a7f47387d161ef4ec35156d67a165ce48,SOLUSDT,15m,LONG,REJECTED,no_trades_generated,,0.0,0.0,0.0,0,0,0,False,False
6493a28ae5630004739cd64aa05729368d496bd37b4e1b5ee3053320db042994,D,10277ea90594ddcb5defb959f422131a7f47387d161ef4ec35156d67a165ce48,SOLUSDT,15m,SHORT,REJECTED,no_trades_generated,,0.0,0.0,0.0,0,0,0,False,False
e969189e25e0443783a422547bfb4f8b39827eaa1426bf8a246b8b78dd1c16c5,D,809ee18e99c3ad1e8c6603315e9c8f0c746d47e2072b60b90bbb613579431931,BTCUSDT,15m,LONG,REJECTED,no_trades_generated,,0.0,0.0,0.0,0,0,0,False,False
c6a07ca1778ea25d7a179a6dded72607f053cf440919629dc8da2369b7efc2c3,D,809ee18e99c3ad1e8c6603315e9c8f0c746d47e2072b60b90bbb613579431931,BTCUSDT,15m,SHORT,REJECTED,no_trades_generated,,0.0,0.0,0.0,0,0,0,False,False
c3341ff57b251195c900ddaa0b330b3628cc3d40b30fe351ffe9c99c1f4dde3f,D,809ee18e99c3ad1e8c6603315e9c8f0c746d47e2072b60b90bbb613579431931,ETHUSDT,15m,LONG,REJECTED,no_trades_generated,,0.0,0.0,0.0,0,0,0,False,False
f467eabee1c8da232484f4df39c60759d9c06ed1aa1fdcbaaea170a18038950d,D,809ee18e99c3ad1e8c6603315e9c8f0c746d47e2072b60b90bbb613579431931,ETHUSDT,15m,SHORT,REJECTED,no_trades_generated,,0.0,0.0,0.0,0,0,0,False,False
157fd503d75d6cf5ada493693f1117a309f4970f88cbbe192eb2aca8b5505ed0,D,809ee18e99c3ad1e8c6603315e9c8f0c746d47e2072b60b90bbb613579431931,SOLUSDT,15m,LONG,REJECTED,no_trades_generated,,0.0,0.0,0.0,0,0,0,False,False
c22eb39275822257b73d43af37c96f85a7048192d65e76ebfae4c823a316720e,D,809ee18e99c3ad1e8c6603315e9c8f0c746d47e2072b60b90bbb613579431931,SOLUSDT,15m,SHORT,REJECTED,no_trades_generated,,0.0,0.0,0.0,0,0,0,False,False
27f4431c31cd037d558fa061be87c23e063ac87b565e9ba3450616e3382b5dc7,D,76cc043c7cc60aaa9f0acf4d4b93ad730e98a935693570765cafea1ecbda0662,BTCUSDT,15m,LONG,REJECTED,no_trades_generated,,0.0,0.0,0.0,0,0,0,False,False
018b17579a3da8ce6d8174a13e1ac6446f39dcad6d06c6dad59edf5cc98f8da1,D,76cc043c7cc60aaa9f0acf4d4b93ad730e98a935693570765cafea1ecbda0662,BTCUSDT,15m,SHORT,REJECTED,no_trades_generated,,0.0,0.0,0.0,0,0,0,False,False
d965d2f622294defe50c7f06289e1b556018fcd13effa9f8958ca555e3c63edf,D,76cc043c7cc60aaa9f0acf4d4b93ad730e98a935693570765cafea1ecbda0662,ETHUSDT,15m,LONG,REJECTED,no_trades_generated,,0.0,0.0,0.0,0,0,0,False,False
0e8c029fa3ca7c70779d3b2726eb516049d66c82f22ae79a202bc0593522c15d,D,76cc043c7cc60aaa9f0acf4d4b93ad730e98a935693570765cafea1ecbda0662,ETHUSDT,15m,SHORT,REJECTED,no_trades_generated,,0.0,0.0,0.0,0,0,0,False,False
fcb6c58d0055852f41785bd99bd623abec8c8d5152ad1ac79d44f91369757428,D,76cc043c7cc60aaa9f0acf4d4b93ad730e98a935693570765cafea1ecbda0662,SOLUSDT,15m,LONG,REJECTED,no_trades_generated,,0.0,0.0,0.0,0,0,0,False,False
4797a607c93f59ad025f2e39a169d6f7cf73add5b1eee60166ae5d3935371870,D,76cc043c7cc60aaa9f0acf4d4b93ad730e98a935693570765cafea1ecbda0662,SOLUSDT,15m,SHORT,REJECTED,no_trades_generated,,0.0,0.0,0.0,0,0,0,False,False
36cdd25ba000143a7da9247fb7f06da3e38ae169f79443fe3080c806d1fbfa3f,D,ccefbd23a1ff68d4abc4de2e9c33c61359b59ed8b3520e5044a544f67f116a89,BTCUSDT,15m,LONG,REJECTED,no_trades_generated,,0.0,0.0,0.0,0,0,0,False,False
292050e63e4b99e0e667fc13f5496b2b0fbea02049fdd9f6484766128f504ef5,D,ccefbd23a1ff68d4abc4de2e9c33c61359b59ed8b3520e5044a544f67f116a89,BTCUSDT,15m,SHORT,REJECTED,no_trades_generated,,0.0,0.0,0.0,0,0,0,False,False
a839b09c5f18a1f1f544485c7316c886052716d3048ab88ede524d563fcbb35f,D,ccefbd23a1ff68d4abc4de2e9c33c61359b59ed8b3520e5044a544f67f116a89,ETHUSDT,15m,LONG,REJECTED,no_trades_generated,,0.0,0.0,0.0,0,0,0,False,False
44c35ba8b9deaba924f9f107ccd4eaf8069aeca5d00830e2fe99eb71d550835f,D,ccefbd23a1ff68d4abc4de2e9c33c61359b59ed8b3520e5044a544f67f116a89,ETHUSDT,15m,SHORT,REJECTED,no_trades_generated,,0.0,0.0,0.0,0,0,0,False,False
7d7b873e58fc986340399d1e58fe1e9464f20e72dbb7f618bc91e05621100be1,D,ccefbd23a1ff68d4abc4de2e9c33c61359b59ed8b3520e5044a544f67f116a89,SOLUSDT,15m,LONG,REJECTED,no_trades_generated,,0.0,0.0,0.0,0,0,0,False,False
a1a1209cf58a06b6afde946cb644d99d8190059dba3fae6a273aec9945e800a7,D,ccefbd23a1ff68d4abc4de2e9c33c61359b59ed8b3520e5044a544f67f116a89,SOLUSDT,15m,SHORT,REJECTED,no_trades_generated,,0.0,0.0,0.0,0,0,0,False,False
e64b668ff5b28373f4c48afcc1f8bbe135291f7f2ca88dad95681da717828628,D,1d55e7c1921b52157912f5f27e6be769a8eb00b5cc8e6dadbf6e214b9e08785c,BTCUSDT,15m,LONG,REJECTED,no_trades_generated,,0.0,0.0,0.0,0,0,0,False,False
0cce4a8d98c02b36b6a362735355b94322fd911abaae52f1ba26a71bc01ea260,D,1d55e7c1921b52157912f5f27e6be769a8eb00b5cc8e6dadbf6e214b9e08785c,BTCUSDT,15m,SHORT,REJECTED,no_trades_generated,,0.0,0.0,0.0,0,0,0,False,False
dde089d0f6acd1bc1267f7371d6efb6e5f4e3ae5c7175d9cb1a5a537ce303382,D,1d55e7c1921b52157912f5f27e6be769a8eb00b5cc8e6dadbf6e214b9e08785c,ETHUSDT,15m,LONG,REJECTED,no_trades_generated,,0.0,0.0,0.0,0,0,0,False,False
3364e3c1aa3178abae9eeedb7f77fb2121b72da7e1c610c0bbbf0ffe40b15e92,D,1d55e7c1921b52157912f5f27e6be769a8eb00b5cc8e6dadbf6e214b9e08785c,ETHUSDT,15m,SHORT,REJECTED,no_trades_generated,,0.0,0.0,0.0,0,0,0,False,False
2d89f6f048b8d22766e74ed74c4ce5ca1c6bc947b7197c8ec98e94a5a6a2e1c1,D,1d55e7c1921b52157912f5f27e6be769a8eb00b5cc8e6dadbf6e214b9e08785c,SOLUSDT,15m,LONG,REJECTED,no_trades_generated,,0.0,0.0,0.0,0,0,0,False,False
b909fdb4ac4348d250659d4d83c1f6c4ac88f15d1bc9d6934ddff04f37ce6ec3,D,1d55e7c1921b52157912f5f27e6be769a8eb00b5cc8e6dadbf6e214b9e08785c,SOLUSDT,15m,SHORT,REJECTED,no_trades_generated,,0.0,0.0,0.0,0,0,0,False,False
953335ef9bff9f2609af94839fe6eb57aacbbbffc8975a8a42b8b62e60782c30,D,c365035e408dae8d2fea35ffdfa9dd505df144f649fdd3c93bf76ded2ebafd6d,BTCUSDT,15m,LONG,REJECTED,no_trades_generated,,0.0,0.0,0.0,0,0,0,False,False
8d396357da3a2fe0d8dabb7ace7b9f310b466d0e7c20c4947d6cfc488785d19a,D,c365035e408dae8d2fea35ffdfa9dd505df144f649fdd3c93bf76ded2ebafd6d,BTCUSDT,15m,SHORT,REJECTED,no_trades_generated,,0.0,0.0,0.0,0,0,0,False,False
7950b690d6fba561cb77175c55fa87a4e218ecb684c8d701247f1700db774a09,D,c365035e408dae8d2fea35ffdfa9dd505df144f649fdd3c93bf76ded2ebafd6d,ETHUSDT,15m,LONG,REJECTED,no_trades_generated,,0.0,0.0,0.0,0,0,0,False,False
da5e87ac16ec23a3d4c829af107cd2612be7bf925a243eb07361239f2440233a,D,c365035e408dae8d2fea35ffdfa9dd505df144f649fdd3c93bf76ded2ebafd6d,ETHUSDT,15m,SHORT,REJECTED,no_trades_generated,,0.0,0.0,0.0,0,0,0,False,False
91cb1a104ba4a142d462c7307329946aa0997450afdbccbb4d8bc77d28aae492,D,c365035e408dae8d2fea35ffdfa9dd505df144f649fdd3c93bf76ded2ebafd6d,SOLUSDT,15m,LONG,REJECTED,no_trades_generated,,0.0,0.0,0.0,0,0,0,False,False
75fd72179341cee2a33429c88cac2070842719a0c26d3bc85dbfa27f01440aa8,D,c365035e408dae8d2fea35ffdfa9dd505df144f649fdd3c93bf76ded2ebafd6d,SOLUSDT,15m,SHORT,REJECTED,no_trades_generated,,0.0,0.0,0.0,0,0,0,False,False
